product_id,original_text,cleaned_text,preprocessor_language,detected_language,confidence,price,word_count
f819f0c84a64f02d3a5606ca95edd272,"category: relogios_presentes | product_id: f819f0c84a64f02d3a5606ca95edd272 | review: correta  | n√£o usei o produto n√£o mas parece bom | Eu comprei um rel√≥gio e me mandaram outro  | Melhor do Brasil | vou comprar de novo , gostei e √© excelente os produtos obrigado! | na verdade o produto chegou um dia ap√≥s a data prevista e n√£o mim satisfez. mesmo assim agrade√ßo
 | Muito bom chegou no prazo eu recomendo produto muito bom... | Superou minhas espectativas , muito bom produto . | Recebi em tempo h√°bil , produto superou minhas expectativas... satisfeito ...super recomendo !!
UM ARRASO !!! | Muito bom ... a transportadora dentro do prazo √≥timo. | Produto original | Recomendo, entregue muito antes do prazo predeterminado.  | Chegou muito antes do prazo recomendo | √ë compriu seu prazo de entrega  | Produto excelente bom, bonito gostei muito atendeu as minhas expectativas, fiz o teste pra saber sobre prova dagua, tudo ok, eu recomendo nota mil.  | Nao recebi  | n√£o recebi o produto  | N√£o recebi o produto at√© o momento... Segundo o site est√° entregue. Mas entregue √† quem??? Eu n√£o recebi.
Pelo rastreio aparece PARADO nos correios do Rio de Janeiro.
Aguardo retorno. | bom comprar com lannister | S√≥ qu√™ o ponteiro do segundo n√£o para. N√£o sei porque geralmente ele para  | √ìtimo rel√≥gio recomendo a todos √≥timo qualidade",category relogios presentes product id f819f0c84a64f02d3a5606ca95edd272 review correta usei produto mas parece bom eu comprei um rel gio me mandaram outro melhor do brasil vou comprar de novo gostei excelente os produtos obrigado na verdade produto chegou um dia ap data prevista mim satisfez mesmo assim agrade muito bom chegou no prazo eu recomendo produto muito bom superou minhas espectativas muito bom produto recebi em tempo bil produto superou minhas expectativas satisfeito super recomendo um arraso muito bom transportadora dentro do prazo timo produto original recomendo entregue muito antes do prazo predeterminado chegou muito antes do prazo recomendo compriu seu prazo de entrega produto excelente bom bonito gostei muito atendeu as minhas expectativas fiz teste pra saber sobre prova dagua tudo ok eu recomendo nota mil nao recebi recebi produto recebi produto at momento segundo site est entregue mas entregue quem eu recebi pelo rastreio aparece parado nos correios do rio de janeiro aguardo retorno bom comprar com lannister qu ponteiro do segundo para sei porque geralmente ele para timo rel gio recomendo todos timo qualidade,pt,pt,0.8997946713421795,644.9884444444444,176
b9de40e43fccb6ba53b7eadbd5c49077,category: utilidades_domesticas | product_id: b9de40e43fccb6ba53b7eadbd5c49077 | review: Voltarei a comprar!,category utilidades domesticas product id b9de40e43fccb6ba53b7eadbd5c49077 review voltarei comprar,en,pt,0.503649531184016,129.9,9
26afe4ed5890d941fcba14205863eec7,category: moveis_decoracao | product_id: 26afe4ed5890d941fcba14205863eec7 | review: Recebi a metade do pedido. Nao recebi o lustre ainda,category moveis decoracao product id 26afe4ed5890d941fcba14205863eec7 review recebi metade do pedido nao recebi lustre ainda,pt,pt,0.8972058231766159,31.0,15
986870b9985d95ef6205bae1953a61a5,category: moveis_decoracao | product_id: 986870b9985d95ef6205bae1953a61a5 | review: correto,category moveis decoracao product id 986870b9985d95ef6205bae1953a61a5 review correto,en,pt,0.45944690704345703,19.9,8
28ce57ecf4afba85e6020ec0209cada9,"category: cool_stuff | product_id: 28ce57ecf4afba85e6020ec0209cada9 | review: A entrega foi direitinha, mas o produto √© p√©ssimo! | A embalagem veio danificada assim como o produto, quebrado. Entrei em contato com a loja e ainda n√£o tive nenhuma resposta.",category cool stuff product id 28ce57ecf4afba85e6020ec0209cada9 review entrega foi direitinha mas produto ssimo embalagem veio danificada assim como produto quebrado entrei em contato com loja ainda tive nenhuma resposta,en,pt,0.9183832800066148,249.6,29
7cb2ff3193293db892fd5697aa99a19b,category: moveis_decoracao | product_id: 7cb2ff3193293db892fd5697aa99a19b | review: A loja mandou bem.obrigado. ronaldo,category moveis decoracao product id 7cb2ff3193293db892fd5697aa99a19b review loja mandou bem obrigado ronaldo,en,pt,0.8842512079187341,24.9,12
116a8f521211c179741c051816f2b898,category: cama_mesa_banho | product_id: 116a8f521211c179741c051816f2b898 | review: Entrega antes do Prazo,category cama mesa banho product id 116a8f521211c179741c051816f2b898 review entrega antes do prazo,en,pt,0.8526515574068636,218.0,12
b3e99300a2d0481e7b1d7ce484d498cf,category: fashion_bolsas_e_acessorios | product_id: b3e99300a2d0481e7b1d7ce484d498cf,category fashion bolsas acessorios product id b3e99300a2d0481e7b1d7ce484d498cf,en,pt,0.26189030827702703,24.9,7
609092e5b5c4a202878eb9ba03b47793,category: brinquedos | product_id: 609092e5b5c4a202878eb9ba03b47793,category brinquedos product id 609092e5b5c4a202878eb9ba03b47793,en,en,0.3069036329114759,8.49,5
355c91ffac499557d65c0821237b6350,category: fashion_bolsas_e_acessorios | product_id: 355c91ffac499557d65c0821237b6350 | review: Gostei muito do cord√£o! Simples e fofo!,category fashion bolsas acessorios product id 355c91ffac499557d65c0821237b6350 review gostei muito do cord simples fofo,pt,pt,0.6740531985824171,20.3,14
dd6171dfce1d62dbf472f83fa352d309,category: cama_mesa_banho | product_id: dd6171dfce1d62dbf472f83fa352d309,category cama mesa banho product id dd6171dfce1d62dbf472f83fa352d309,en,unknown,0.3515625,49.9,7
a8b5e02c7f69ca5ccdfa99417079d135,"category: livros_tecnicos | product_id: a8b5e02c7f69ca5ccdfa99417079d135 | review: Adorei os livros e os cartazes, s√£o excelentes para usarmos com nossos alunos",category livros tecnicos product id a8b5e02c7f69ca5ccdfa99417079d135 review adorei os livros os cartazes excelentes para usarmos com nossos alunos,en,pt,0.4036238386824324,114.0,18
af210e7b5709fdeb3984f93a10da094e,category: beleza_saude | product_id: af210e7b5709fdeb3984f93a10da094e | review: Produto veio direitinho bem embalado e chegou antes do prazo. Estou muito satisfeita,category beleza saude product id af210e7b5709fdeb3984f93a10da094e review produto veio direitinho bem embalado chegou antes do prazo estou muito satisfeita,pt,pt,0.9105493635744661,459.08,19
bdb4be6ce2f7f2b5be0a16088028c7fc,"category: utilidades_domesticas | product_id: bdb4be6ce2f7f2b5be0a16088028c7fc | review: Entrega rapid√≠ssima, foi comprado e no dia seguinte j√° estava dispon√≠vel, show  | Compra f√°cil e entrega no prazo  | entrega r√°pida | Tudo √≥timo. | Gostei muito do produto e a entrega me surpreendeu, 10 dias antes do prazo. Aprovado. | Estava atr√°s desse produto a muito tempo, consegui com o pre√ßo bem mais barato do que pedido por outros meios, chegaram super r√°pido, antes das festas do fim de ano. | Estava atr√°s desse produto a muito tempo, consegui com o pre√ßo bem mais barato do que pedido por outros meios, chegaram super r√°pido, antes das festas do fim de ano. | Bom dia! Fiz a compra de 2 pe√ßas e recebi apenas uma delas. Como devo proceder para regulariza√ß√£o?
at.,
Jo√£o Luiz | Bom dia! Fiz a compra de 2 pe√ßas e recebi apenas uma delas. Como devo proceder para regulariza√ß√£o?
at.,
Jo√£o Luiz | Entrega r√°pida e produto embalado perfeitamente pra n√£o ser danificado. | Entrega r√°pida e produto embalado perfeitamente pra n√£o ser danificado. | O produto tem uma medida(tamanho) diferente do site  | Produto muito bom. Loja como sempre surpreendendo pelo OTIMO ATENDIMENTO  | Goste e comprei mais duas pra organizar meus Vinhos.",category utilidades domesticas product id bdb4be6ce2f7f2b5be0a16088028c7fc review entrega rapid ssima foi comprado no dia seguinte estava dispon vel show compra cil entrega no prazo entrega pida tudo timo gostei muito do produto entrega me surpreendeu 10 dias antes do prazo aprovado estava atr desse produto muito tempo consegui com pre bem mais barato do que pedido por outros meios chegaram super pido antes das festas do fim de ano estava atr desse produto muito tempo consegui com pre bem mais barato do que pedido por outros meios chegaram super pido antes das festas do fim de ano bom dia fiz compra de pe as recebi apenas uma delas como devo proceder para regulariza at jo luiz bom dia fiz compra de pe as recebi apenas uma delas como devo proceder para regulariza at jo luiz entrega pida produto embalado perfeitamente pra ser danificado entrega pida produto embalado perfeitamente pra ser danificado produto tem uma medida tamanho diferente do site produto muito bom loja como sempre surpreendendo pelo otimo atendimento goste comprei mais duas pra organizar meus vinhos,pt,pt,0.8732559294313997,85.0,177
50f45d42cdfecd33a2424a1c617d251f,category: cama_mesa_banho | product_id: 50f45d42cdfecd33a2424a1c617d251f | review: Pelo pre√ßo vale a pena!,category cama mesa banho product id 50f45d42cdfecd33a2424a1c617d251f review pelo pre vale pena,en,pt,0.8700069801227466,49.97,12
1e6981e727154bcd941d51fda894b183,category: bebes | product_id: 1e6981e727154bcd941d51fda894b183,category bebes product id 1e6981e727154bcd941d51fda894b183,en,en,0.3243243243243243,149.99,5
35afc973633aaeb6b877ff57b2793310,"category: casa_conforto | product_id: 35afc973633aaeb6b877ff57b2793310 | review: Estou plenamente satisfeita com minha aquisi√ß√£o. E recomendo. A √∫nica coisa que n√£o concordo √© com o valor de frete. Aut√≠ssimo. | ******************* | Comprei toalhas Karsten e recebi um jogo de tolhas de pessima qualidade, preciso devolver esta mercadoria. | Chegou tudo direitinho e na data correta | recomendo | No an√∫ncio disseram que era felpudo, s√≥ que n√£o, descri√ß√£o nada haver | Otimo | Achei que a qualidade fosse melhor!! Mas gostei.. | Entrega rapida, as toalhas sao boas pelo valor | Gostei muito do produto | Comprei 3 conjuntos, veio apenas 1 | Comprei 3 conjuntos, veio apenas 1 | Comprei 3 conjuntos, veio apenas 1 | vou terminar de pagar a mercadoria e n√£o recebi, muito insatisfeito com a compra. | S√≥ esperava q chegasse meus produtos no prazo e n√£o chegou... | Confesso q fiquei com medo de comprar por conta do coment√°rio anterior como gosto nao se discute. Comprei a toalha chegou √© muito linda, √© grande, so nao √© de marca, √© um pouco inferior. Vale o pre√ßo | produtos de √≥tima qualidade, sempre que posso compro. Tem durabilidade uma textura maravilhosa. simplesmente perfeitas. | S√£o bonitas, o √∫nico problema que s√£o muito finas. Deveria ser melhor  | At√© agora nada do produto ser entregue. O que eu devo fazer ? | Muito bom.. Chegou dentro do prazo  | N√£o posso opinar ,pois n√£o recebi. | A toalha q se referem ao piso do banheiro, veio na cor bege e nao8na cor vermelho como est√° na amostra. | n√£o entregaram o produto que comprei, estou insatisfeita e quero meu dinheiro de volta  | Entrega efetuada antes do prazo. Excelente atendimento. | Entrega efetuada antes do prazo. Excelente atendimento. | S√ì PE√áO QUE MEU PEDIDO CHEGUE PORQUE ESTOU AGUARDANDO COM ANSIEDADE. | otimo | produto chegou r√°pido de √≥tima qualidade | A loja entregou a mercadoria no tempo h√°bil. | PRODUTO AINDA EST√Å NO CORREIO | Entrega muita r√°pida, vale a pena comprar. | O produto chegou no prazo | As toalhas n√£o s√£o felpudas!!!! | so n√£o fiquei mais satisfeita porque tive que retirar nos correios | Adorei a toalha. Muito bonita e chegou antes do prazo.. .. | Ainda n√£o recebi o produto :( | Toalhas bem bonitas e as recebi no tempo determinado. | Eu gostei muito. Estou muito satisfeita | OTIMOS PRODUTOS | Entrega at√© antes do prazo e de maneira correta, por√©m eu esperava um produto de melhor qualidade. As toalhas n√£o s√£o t√£o macias e felpudas, como aparenta na fotos. | Pensei q os produtos q pedi fossem com mais qualidades,mais tdo bem.
Tomarei mais cuidado se resolver voltar a comprar.
Obrigado. | a mercadoria foi entregue de acordo com as condi√ßoes estabelecidas. Portanto estou muito satisfeito. | Recomendo o produto foi entregue antes do prazo e em perfeitas condi√ß√µes  | 10 | Produto de excelente qualidade!!! Eu recomendo!! | Uma loja que eu confio em comprar. | Gostei | Ainda n recebi a entrega | O produto n√£o √© nada bom fiquei muito insatisfeita.  | Chegou certinho. | O produto que me entregaram n√£o √© o mesmo que mostram na tv.pq n√£o tem nada a ver. | Eu realmente recomendo esta loja tudo de bom  | COMPREI PELA PRIMEIRA VEZ E TUDO VEIO EM PERFEITA ORDEM E DENTRO DO PRAZO, AT√â CHEGOU BEM ANTECIPADO APESAR DA GREVE DE CAMINHONEIROS. | Adorei a toalha  | As toalhas vieram de cores diferentes, pedi s√≥ de uma cor . | Produto de p√©ssima qualidade, e descrito como toalha felpuda, mas de felpuda n√£o tem nada | comprei um jogo de toalha e um jogo de cama ; s√≥ veio o jogo de cama, sendo que os dois segundo o e-mail que me mandaram, foram enviados juntos, com o mesmo c√≥digo de rastreamento;  | Produto Top.
 | Tudo bem!
Entrega mais de 10 dias antes.
Grata | Entrega muito r√°pida, por√©m a qualidade do produto n√£o √© muito boa.  | Entrega muito r√°pida, por√©m a qualidade do produto n√£o √© muito boa.  | Ser mais pontual | Excelente entrega r√°pida √≥timos produtos continuam assim parab√©ns | Gostei muito das toalhas, s√£o bonitas e macias. | Compro v√°rias coisas pelo baratheon e sempre chega r√°pido, dessa vez demorou, entendo que teve a greve dos correios mas fiz a compra 1 semana antes. Mas gra√ßas a Deus chegou! 
 | demorou um pouco mais deu certo e valeu a pena  | Umdos kits chegou certo o outro chegou foi cortina, n√£o pedi cortina.. e n√£o consigo falar com a loja | Eu recomendo o produto ameiii | Houve o atraso da entrega , mais o produto √© perfeito!
 | atendimento √≥timo em todos os sentido | excelente | N√£o recebi o pedido completo ,veio faltando 1 jogo de toalhas.Comprei 2 jogos Nota Fiscal 001689. Aguardo solu√ß√£o urgente.Faltou jogo vermelho.Fornecedor Ibitinga Decora.Aguardo solu√ß√£o urgente  | Queria q essas ecomedas fosse entregue na data certa at√© agora n recebi meu produto  | PRODUTO DEVOLVIDO AGUARDANDO O ESTORNO DO CART√ÉO | O produto n√£o √© muito bom. | Recomendo a todos pre√ßos e prazo de entrega a melhor  | J√° fiz outras compras e nunca tive problema algum para receber a mercadoria, porem nessa ultima compra nem email com a confirma√ß√£o do pedido eu recebi espero que esta entrega seja breve.  | Eu encomendei 2e s√≥ veio 1
 | Quando agente conpra e porque est√° precisando. Como eu fasso pra pega outros produtos uo meu dinheiro de vouta | Comprei dois jogos de toalhas e recebi apenas um, por√©m na nota fiscal consta os dois. Como vou receber o outro jogo? comprei um vermelho e um tabaco, recebi apenas o vermelho. | O fabricante n√£o entrou mais em contato comigo para explicar porque os produtos que comprei n√£o foram entregues. | foi bom e chegou rapido! | Bom | Bom | Primeira vez que tenho problemas com a loja. | Foi tudo correto.  | Foi entregue a toalha marron a vermelha n√£o veio,e a nota estava com a toalha ,como fa√ßo agora ,pois preciso da toalha e nada ,fica dif√≠cil desta forma continuar cliente de voc√™s. | Quando colocar toalha felpuda que seja e n√£o foi.
 | Quando colocar toalha felpuda que seja e n√£o foi.
 | esta faltando esse jogo pro meu pedido ficar completo , esto aguardando a entrega
 | para e a melhor de todas . | para e a melhor de todas . | Faltou produto | Gostei. Foi entregue na data estipulada.  | O √∫nico problema que eu tive foi ter recebido o produto errado, na nota fiscal veio o que eu tinha escolhido toalha vermelha, por√©m na hora que receberam e abriram veio toalha creme com marrom. | OS PRODUTOS ANUNCIADOS N√ÉO CORRESPONDEM AS IMAGENS APRESENTADAS EM SUA DIVULGA√á√ÉO,PRODUTOS DE P√âSSIMA QUALIDADE, N√ÉO GOSTEI. | Faltou 1 jogo de toalha...üò†  | Faltou 1 jogo de toalha...üò†  | Produto de boa qualidade e bonito. | Gostei muito do produto",category casa conforto product id 35afc973633aaeb6b877ff57b2793310 review estou plenamente satisfeita com minha aquisi recomendo nica coisa que concordo com valor de frete aut ssimo comprei toalhas karsten recebi um jogo de tolhas de pessima qualidade preciso devolver esta mercadoria chegou tudo direitinho na data correta recomendo no an ncio disseram que era felpudo que descri nada haver otimo achei que qualidade fosse melhor mas gostei entrega rapida as toalhas sao boas pelo valor gostei muito do produto comprei conjuntos veio apenas comprei conjuntos veio apenas comprei conjuntos veio apenas vou terminar de pagar mercadoria recebi muito insatisfeito com compra esperava chegasse meus produtos no prazo chegou confesso fiquei com medo de comprar por conta do coment rio anterior como gosto nao se discute comprei toalha chegou muito linda grande so nao de marca um pouco inferior vale pre produtos de tima qualidade sempre que posso compro tem durabilidade uma textura maravilhosa simplesmente perfeitas bonitas nico problema que muito finas deveria ser melhor at agora nada do produto ser entregue que eu devo fazer muito bom chegou dentro do prazo posso opinar pois recebi toalha se referem ao piso do banheiro veio na cor bege nao8na cor vermelho como est na amostra entregaram produto que comprei estou insatisfeita quero meu dinheiro de volta entrega efetuada antes do prazo excelente atendimento entrega efetuada antes do prazo excelente atendimento pe que meu pedido chegue porque estou aguardando com ansiedade otimo produto chegou pido de tima qualidade loja entregou mercadoria no tempo bil produto ainda est no correio entrega muita pida vale pena comprar produto chegou no prazo as toalhas felpudas so fiquei mais satisfeita porque tive que retirar nos correios adorei toalha muito bonita chegou antes do prazo ainda recebi produto toalhas bem bonitas as recebi no tempo determinado eu gostei muito estou muito satisfeita otimos produtos entrega at antes do prazo de maneira correta por eu esperava um produto de melhor qualidade as toalhas macias felpudas como aparenta na fotos pensei os produtos pedi fossem com mais qualidades mais tdo bem tomarei mais cuidado se resolver voltar comprar obrigado mercadoria foi entregue de acordo com as condi oes estabelecidas portanto estou muito satisfeito recomendo produto foi entregue antes do prazo em perfeitas condi es 10 produto de excelente qualidade eu recomendo uma loja que eu confio em comprar gostei ainda recebi entrega produto nada bom fiquei muito insatisfeita chegou certinho produto que me entregaram mesmo que mostram na tv pq tem nada ver eu realmente recomendo esta loja tudo de bom comprei pela primeira vez tudo veio em perfeita ordem dentro do prazo at chegou bem antecipado apesar da greve de caminhoneiros adorei toalha as toalhas vieram de cores diferentes pedi de uma cor produto de ssima qualidade descrito como toalha felpuda mas de felpuda tem nada comprei um jogo de toalha um jogo de cama veio jogo de cama sendo que os dois segundo mail que me mandaram foram enviados juntos com mesmo digo de rastreamento produto top tudo bem entrega mais de 10 dias antes grata entrega muito pida por qualidade do produto muito boa entrega muito pida por qualidade do produto muito boa ser mais pontual excelente entrega pida timos produtos continuam assim parab ns gostei muito das toalhas bonitas macias compro rias coisas pelo baratheon sempre chega pido dessa vez demorou entendo que teve greve dos correios mas fiz compra semana antes mas gra as deus chegou demorou um pouco mais deu certo valeu pena umdos kits chegou certo outro chegou foi cortina pedi cortina consigo falar com loja eu recomendo produto ameiii houve atraso da entrega mais produto perfeito atendimento timo em todos os sentido excelente recebi pedido completo veio faltando jogo de toalhas comprei jogos nota fiscal 001689 aguardo solu urgente faltou jogo vermelho fornecedor ibitinga decora aguardo solu urgente queria essas ecomedas fosse entregue na data certa at agora recebi meu produto produto devolvido aguardando estorno do cart produto muito bom recomendo todos pre os prazo de entrega melhor fiz outras compras nunca tive problema algum para receber mercadoria porem nessa ultima compra nem email com confirma do pedido eu recebi espero que esta entrega seja breve eu encomendei 2e veio quando agente conpra porque est precisando como eu fasso pra pega outros produtos uo meu dinheiro de vouta comprei dois jogos de toalhas recebi apenas um por na nota fiscal consta os dois como vou receber outro jogo comprei um vermelho um tabaco recebi apenas vermelho fabricante entrou mais em contato comigo para explicar porque os produtos que comprei foram entregues foi bom chegou rapido bom bom primeira vez que tenho problemas com loja foi tudo correto foi entregue toalha marron vermelha veio nota estava com toalha como fa agora pois preciso da toalha nada fica dif cil desta forma continuar cliente de voc quando colocar toalha felpuda que seja foi quando colocar toalha felpuda que seja foi esta faltando esse jogo pro meu pedido ficar completo esto aguardando entrega para melhor de todas para melhor de todas faltou produto gostei foi entregue na data estipulada nico problema que eu tive foi ter recebido produto errado na nota fiscal veio que eu tinha escolhido toalha vermelha por na hora que receberam abriram veio toalha creme com marrom os produtos anunciados correspondem as imagens apresentadas em sua divulga produtos de ssima qualidade gostei faltou jogo de toalha faltou jogo de toalha produto de boa qualidade bonito gostei muito do produto,pt,pt,0.8762720340007061,87.78721212121214,905
b83738ac1903f7c8f0ed378cb085909c,"category: eletronicos | product_id: b83738ac1903f7c8f0ed378cb085909c | review: A compra foi realizada facilmente.
A entrega foi efetuada muito antes do prazo dado.
O produto j√° come√ßou a ser usado e at√© o presente,
sem problemas. | Bons produtos, pre√ßos razo√°veis, contudo o rastreamento do pedido √© completamente ineficiente. | Fiz o pagamento, j√° faz m√™s e n√£o recebi o meu produto, estou indignado pois dependo deste para atender uma pessoa que precisa ficar constantemente com uma central de ar ligada. | O produto era pra ser entregue dia 19/02. E at√© agora n√£o tive nenhuma satisfa√ß√£o sobre o produto, ou sobre a entrega. Acho uma falta de respeito com o cliente. | Comprei dois transformadores e recebi apenas um, n√£o confirmo o recebimento! Quero meu dinheiro de volta! N√£o recomendo a loja pra ningu√©m! Cuidado! | Comprei dois transformadores e recebi apenas um, n√£o confirmo o recebimento! Quero meu dinheiro de volta! N√£o recomendo a loja pra ningu√©m! Cuidado! | Excelente!!",category eletronicos product id b83738ac1903f7c8f0ed378cb085909c review compra foi realizada facilmente entrega foi efetuada muito antes do prazo dado produto come ou ser usado at presente sem problemas bons produtos pre os razo veis contudo rastreamento do pedido completamente ineficiente fiz pagamento faz recebi meu produto estou indignado pois dependo deste para atender uma pessoa que precisa ficar constantemente com uma central de ar ligada produto era pra ser entregue dia 19 02 at agora tive nenhuma satisfa sobre produto ou sobre entrega acho uma falta de respeito com cliente comprei dois transformadores recebi apenas um confirmo recebimento quero meu dinheiro de volta recomendo loja pra ningu cuidado comprei dois transformadores recebi apenas um confirmo recebimento quero meu dinheiro de volta recomendo loja pra ningu cuidado excelente,pt,pt,0.8850959721986237,134.9,126
cce679660c66e6fbd5c8091dfd29e9cd,"category: cama_mesa_banho | product_id: cce679660c66e6fbd5c8091dfd29e9cd | review: O produto √© simples,de acordo com a imagem e com o pre√ßo pago.Obrigada. | Satisfeita  | Gostei muito do produto,serviu certo na minha cama e ficou super bonita | a entrega foi feita no prazo, a qualidade do produto √© regular, mas se for comparada ao pre√ßo est√° bom e fica bonito. Quanto a loja tudo ok.",category cama mesa banho product id cce679660c66e6fbd5c8091dfd29e9cd review produto simples de acordo com imagem com pre pago obrigada satisfeita gostei muito do produto serviu certo na minha cama ficou super bonita entrega foi feita no prazo qualidade do produto regular mas se for comparada ao pre est bom fica bonito quanto loja tudo ok,en,pt,0.8991228180962638,17.9,54
199f076c011ea5e8b546bff05d4f2477,category: moveis_decoracao | product_id: 199f076c011ea5e8b546bff05d4f2477,category moveis decoracao product id 199f076c011ea5e8b546bff05d4f2477,en,unknown,0.3103885135135135,59.9,6
c6bdd07f0a20ccd19d51de91c1551952,category: informatica_acessorios | product_id: c6bdd07f0a20ccd19d51de91c1551952,category informatica acessorios product id c6bdd07f0a20ccd19d51de91c1551952,en,pt,0.25080500422297297,135.0,6
9ed00cd89e3b3a0107996fe62feab381,category: telefonia | product_id: 9ed00cd89e3b3a0107996fe62feab381,category telefonia product id 9ed00cd89e3b3a0107996fe62feab381,en,en,0.2873208200609362,27.99,5
291c7fc5097e83062a4377ca30c6b834,category: telefonia | product_id: 291c7fc5097e83062a4377ca30c6b834,category telefonia product id 291c7fc5097e83062a4377ca30c6b834,en,en,0.31712446341643463,45.6,5
aca71e1fceaea4278f27aab8a3498f60,category: automotivo | product_id: aca71e1fceaea4278f27aab8a3498f60,category automotivo product id aca71e1fceaea4278f27aab8a3498f60,en,unknown,0.3159311655405405,42.54,5
4eb0d9529369cb573f792d489af46f51,"category: ferramentas_jardim | product_id: 4eb0d9529369cb573f792d489af46f51 | review: entrega r√°pida e produto de boa qualidade, recomendo",category ferramentas jardim product id 4eb0d9529369cb573f792d489af46f51 review entrega pida produto de boa qualidade recomendo,pt,pt,0.8866948308171453,99.0,14
0538b3ea14af3cc3ee6bdaf940367cee,"category: nan | product_id: 0538b3ea14af3cc3ee6bdaf940367cee | review: Produto bom, frete caro e demorado",category nan product id 0538b3ea14af3cc3ee6bdaf940367cee review produto bom frete caro demorado,en,pt,0.7903393281472695,48.5,11
30a47cc354b9607076272300c899dce9,"category: bebes | product_id: 30a47cc354b9607076272300c899dce9 | review: NAO GOSTEI DO PRODUTO, E PIOR QUE A LOJA NAO D√Å OP√áAO DE TROCA NO SITE, E NO CONTATO DAS lannister NAO TEM OP√áAO PRA FALAR...",category bebes product id 30a47cc354b9607076272300c899dce9 review nao gostei do produto pior que loja nao op ao de troca no site no contato das lannister nao tem op ao pra falar,en,pt,0.9052970667143126,55.0,30
2f46e035eccda1e1e2127096bb7483e7,category: esporte_lazer | product_id: 2f46e035eccda1e1e2127096bb7483e7,category esporte lazer product id 2f46e035eccda1e1e2127096bb7483e7,en,unknown,0.25357633023648646,159.0,6
72b253635b316f49e42e618d6e585ebc,"category: brinquedos | product_id: 72b253635b316f49e42e618d6e585ebc | review: Entrega muito antes do prazo! Parab√©ns  | Veio com defeito com cola embaixo.  | A forma de pagamento super f√°cil, e o produto chegou bem antes da data prevista. Fiquei muito satisfeita com o servi√ßo prestado. | A forma de pagamento super f√°cil, e o produto chegou bem antes da data prevista. Fiquei muito satisfeita com o servi√ßo prestado. | Eu recebi o produto no prazo por√©m j√° veio ligado e sem faltando a chave para desligar o aparelho",category brinquedos product id 72b253635b316f49e42e618d6e585ebc review entrega muito antes do prazo parab ns veio com defeito com cola embaixo forma de pagamento super cil produto chegou bem antes da data prevista fiquei muito satisfeita com servi prestado forma de pagamento super cil produto chegou bem antes da data prevista fiquei muito satisfeita com servi prestado eu recebi produto no prazo por veio ligado sem faltando chave para desligar aparelho,pt,pt,0.8842382256128613,13.137500000000001,69
564a04f027fb97b53ca08464632db860,category: relogios_presentes | product_id: 564a04f027fb97b53ca08464632db860,category relogios presentes product id 564a04f027fb97b53ca08464632db860,en,en,0.18207836151123044,2200.0,6
1bc861b90a53405f92c18482e45e897c,category: malas_acessorios | product_id: 1bc861b90a53405f92c18482e45e897c | review: Eu gosto sempre de.comprar na lannister,category malas acessorios product id 1bc861b90a53405f92c18482e45e897c review eu gosto sempre de comprar na lannister,en,pt,0.6837423041060163,45.9,14
13db47eae724e2848e12b71a617a3a41,"category: audio | product_id: 13db47eae724e2848e12b71a617a3a41 | review: Super recomendo.entrega e produtos ok. | Produto de qualidade, entrega muito demorada | Chegou bem antes do prazo informado | produto recebido antes do prazo , muito bom parabens  | Infelizmente, o produto n√£o chegou at√© o momento. 
Estou aguardando alguma informa√ß√£o concreta das lannister ou do fornecedor quanto a esta situa√ß√£o. 
Por gentileza, me d√™em algum retorno.  | Produto n√£o entregue no prazo determinado. 
Aguardando produto. | Produto muito abaixo da expectativa e veio com o lacre aberto, n√£o gostei e j√° solicitei a devolu√ß√£o do produto. | Ainda n√£o recebi o produto que esta parado em S√£o Gon√ßalo desde do dia 29/03/2018. | Produto foi entregue com defeito com a pulseira cortada .... mas n√£o consigo contato adequado, n√£o tenho retorno | Meu produto n√£o foi entregue at√© agora. A previs√£o de entrega era 04/04 e at√© hoje, 06/04, nada. | Ol√°! 
Achei o valor do produto adquirido um pouco mais em conta do que em outros sites e lojas f√≠sicas. 
O produto foi entregue antes do prazo estipulado e sem nenhuma avaria e em perfeito estado.",category audio product id 13db47eae724e2848e12b71a617a3a41 review super recomendo entrega produtos ok produto de qualidade entrega muito demorada chegou bem antes do prazo informado produto recebido antes do prazo muito bom parabens infelizmente produto chegou at momento estou aguardando alguma informa concreta das lannister ou do fornecedor quanto esta situa por gentileza me em algum retorno produto entregue no prazo determinado aguardando produto produto muito abaixo da expectativa veio com lacre aberto gostei solicitei devolu do produto ainda recebi produto que esta parado em gon alo desde do dia 29 03 2018 produto foi entregue com defeito com pulseira cortada mas consigo contato adequado tenho retorno meu produto foi entregue at agora previs de entrega era 04 04 at hoje 06 04 nada ol achei valor do produto adquirido um pouco mais em conta do que em outros sites lojas sicas produto foi entregue antes do prazo estipulado sem nenhuma avaria em perfeito estado,pt,pt,0.8887223681888065,499.71730769230766,153
e47eff9f97c9536c9f768f86e13252f6,category: nan | product_id: e47eff9f97c9536c9f768f86e13252f6 | review: Produto al√©m das expectativas!,category nan product id e47eff9f97c9536c9f768f86e13252f6 review produto al das expectativas,en,pt,0.5914273648648649,227.88,10
e7261ba9b589b73ac45411a15058403e,category: informatica_acessorios | product_id: e7261ba9b589b73ac45411a15058403e | review: N√£o entregou no prazo e at√© agora n√£o retornou meus contatos. Lament√°vel. | Confi√°vel e R√°pido,category informatica acessorios product id e7261ba9b589b73ac45411a15058403e review entregou no prazo at agora retornou meus contatos lament vel confi vel pido,pt,pt,0.7144113489099451,1599.9566666666667,20
c8e7c2ef329fcda4a233e7e2f8bb8b7d,category: utilidades_domesticas | product_id: c8e7c2ef329fcda4a233e7e2f8bb8b7d,category utilidades domesticas product id c8e7c2ef329fcda4a233e7e2f8bb8b7d,en,unknown,0.3493850295608108,39.9,6
ae52eeb8383b94455f0a08b1f88ad002,"category: informatica_acessorios | product_id: ae52eeb8383b94455f0a08b1f88ad002 | review: Comprei o produto em 25/]01/2018 e at√© hoje 26/02/2018 ainda n√£o recebi. | Comprei quantidade (2) e recebi qty(1). Quando vou receber o outro cartucho? | Comprei quantidade (2) e recebi qty(1). Quando vou receber o outro cartucho? | entregue dentro do prazo fiquei sastifeita | Mesmo recomendando, o produto demorou muito a chegar. | N√ÉO RECEBI NENHUMA INFORMA√á√ÉO POR EMAIL SOBRE STATUS DO PEDIDO | Seriedade com todo o processo! | Apesar de dentro do prazo, achei a entrega bastante demorada. | Tudo em ordem, apenas como das vezes anteriores recomendaria embalagem mais amig√°vel com menos fita pl√°stica. | Demorou muito pra chegar. | foi entregue o produto em bom estado e no prazo. | O produto estava previsto para ser entregue at√© dia 27/03 e at√© hoje dia 03/04 n√£o recebi. | Minha compra chegou bem antes do esperado e em perfeitas condi√ß√µes.",category informatica acessorios product id ae52eeb8383b94455f0a08b1f88ad002 review comprei produto em 25 01 2018 at hoje 26 02 2018 ainda recebi comprei quantidade recebi qty quando vou receber outro cartucho comprei quantidade recebi qty quando vou receber outro cartucho entregue dentro do prazo fiquei sastifeita mesmo recomendando produto demorou muito chegar recebi nenhuma informa por email sobre status do pedido seriedade com todo processo apesar de dentro do prazo achei entrega bastante demorada tudo em ordem apenas como das vezes anteriores recomendaria embalagem mais amig vel com menos fita pl stica demorou muito pra chegar foi entregue produto em bom estado no prazo produto estava previsto para ser entregue at dia 27 03 at hoje dia 03 04 recebi minha compra chegou bem antes do esperado em perfeitas condi es,pt,pt,0.9220504954054549,72.55304347826088,129
10dae91e0aba95747e90280edeffe883,category: bebes | product_id: 10dae91e0aba95747e90280edeffe883 | review: Chegou dentro do prazo e como descrito.,category bebes product id 10dae91e0aba95747e90280edeffe883 review chegou dentro do prazo como descrito,en,pt,0.8320008290780557,25.99,12
e09cef1f7f2bc3a9c9d996608944de19,category: cama_mesa_banho | product_id: e09cef1f7f2bc3a9c9d996608944de19 | review: No site tinha informando que tinha a cor que eu pedi. Quando realizei a compra disse que n√£o tinha. Pedi o estorno da compra e at√© hoje n√£o devolveram meu donheiro.,category cama mesa banho product id e09cef1f7f2bc3a9c9d996608944de19 review no site tinha informando que tinha cor que eu pedi quando realizei compra disse que tinha pedi estorno da compra at hoje devolveram meu donheiro,en,pt,0.9377961674252071,59.9,33
ccf62ee5ee151b8c5ce49beda185a66e,category: moveis_decoracao | product_id: ccf62ee5ee151b8c5ce49beda185a66e,category moveis decoracao product id ccf62ee5ee151b8c5ce49beda185a66e,en,unknown,0.3921426309121621,259.9,6
89f055104adb9365d7f7b5c475f77742,"category: beleza_saude | product_id: 89f055104adb9365d7f7b5c475f77742 | review: Meu produto chegou muito mais r√°pido do qu√™ o esperado. Uma vez que a previs√£o era para o dia 08/05 e chegou dia 20/04. 
Ainda n√£o o usei, mas em quest√£o de entrega eu super recomendo.",category beleza saude product id 89f055104adb9365d7f7b5c475f77742 review meu produto chegou muito mais pido do qu esperado uma vez que previs era para dia 08 05 chegou dia 20 04 ainda usei mas em quest de entrega eu super recomendo,pt,pt,0.884996561101965,26.9,39
b4bbe69ef82d98f932d5c94987c42938,category: bebes | product_id: b4bbe69ef82d98f932d5c94987c42938,category bebes product id b4bbe69ef82d98f932d5c94987c42938,en,en,0.2902377876075538,34.89,5
ed464125465d8ab04c3615963d27395c,"category: casa_construcao | product_id: ed464125465d8ab04c3615963d27395c | review: Eu pedi outro produto junto com este , e n√£o foi aprovado acho que quando um produto n√£o √© aprovado ou n√£o tem no estoque deveria ser avidado. N√£o deveria ser mandado este se o outro n√£o veio.",category casa construcao product id ed464125465d8ab04c3615963d27395c review eu pedi outro produto junto com este foi aprovado acho que quando um produto aprovado ou tem no estoque deveria ser avidado deveria ser mandado este se outro veio,pt,pt,0.8654095288869497,100.08888888888889,36
a88124e0b1d42ca7b0813a78ff630437,"category: construcao_ferramentas_construcao | product_id: a88124e0b1d42ca7b0813a78ff630437 | review: Produto corretamente enviado, bem embalado e at√© antes do prazo.",category construcao ferramentas construcao product id a88124e0b1d42ca7b0813a78ff630437 review produto corretamente enviado bem embalado at antes do prazo,pt,pt,0.8775787933452709,99.90000000000002,17
8e371c2303bcf90383f6cebd67f2dffe,category: brinquedos | product_id: 8e371c2303bcf90383f6cebd67f2dffe,category brinquedos product id 8e371c2303bcf90383f6cebd67f2dffe,en,en,0.3084710675316888,67.7,5
f5e48ba4fcfdf3920b7a857b261a3ef3,category: construcao_ferramentas_construcao | product_id: f5e48ba4fcfdf3920b7a857b261a3ef3,category construcao ferramentas construcao product id f5e48ba4fcfdf3920b7a857b261a3ef3,en,pt,0.6699212821754249,21.5,7
d556492cb91418b6a9d9613592b4367f,category: telefonia_fixa | product_id: d556492cb91418b6a9d9613592b4367f | review: √ìtima loja recomendo a todos | √ìtima Loja online,category telefonia fixa product id d556492cb91418b6a9d9613592b4367f review tima loja recomendo todos tima loja online,en,pt,0.6404747060827307,18.99,14
e7f85596b92f92cb501855897696f66b,category: fashion_underwear_e_moda_praia | product_id: e7f85596b92f92cb501855897696f66b,category fashion underwear moda praia product id e7f85596b92f92cb501855897696f66b,en,pt,0.38204708614864863,62.0,8
0a1c4b9c1ca294b2c85dbe2d4920abe6,category: papelaria | product_id: 0a1c4b9c1ca294b2c85dbe2d4920abe6 | review: N√£o chega no prazo e ainda n√£o d√£o informa√ß√µes,category papelaria product id 0a1c4b9c1ca294b2c85dbe2d4920abe6 review chega no prazo ainda informa es,pt,pt,0.6447363157530088,58.9,12
0be79cf589781c512bd91976eadeeff0,category: consoles_games | product_id: 0be79cf589781c512bd91976eadeeff0,category consoles games product id 0be79cf589781c512bd91976eadeeff0,en,en,0.3243243243243243,19.9,6
af64874ef27a7dc357905b75ea78555a,category: fashion_bolsas_e_acessorios | product_id: af64874ef27a7dc357905b75ea78555a,category fashion bolsas acessorios product id af64874ef27a7dc357905b75ea78555a,en,pt,0.3911528716216216,79.99,7
cfa14c9ef22bd6c41e20df06de9dfa76,category: utilidades_domesticas | product_id: cfa14c9ef22bd6c41e20df06de9dfa76 | review: S√≥ recebi o puff a cesta n√£o chegou e no site parece como foi entregue os dois,category utilidades domesticas product id cfa14c9ef22bd6c41e20df06de9dfa76 review recebi puff cesta chegou no site parece como foi entregue os dois,pt,pt,0.8077324338861414,138.0,19
9ce6c37f9df63de67692c3f7d4d209f1,category: moveis_decoracao | product_id: 9ce6c37f9df63de67692c3f7d4d209f1 | review: Recebi o produto no prazo e o material de qualidade ficou muito bonita na cozinha eu recomendo para outros clientes !,category moveis decoracao product id 9ce6c37f9df63de67692c3f7d4d209f1 review recebi produto no prazo material de qualidade ficou muito bonita na cozinha eu recomendo para outros clientes,pt,pt,0.9281811907484724,119.9,24
a08ffa6ecdd0ab3c1f4fe348acc2553b,"category: nan | product_id: a08ffa6ecdd0ab3c1f4fe348acc2553b | review: O status da entrega foi mudado para ""produdto indispon√≠vel"", sem nenhum aviso por e-mail ou contato do fornecedor. Como anunciam um produto que n√£o est√° dispon√≠vel???",category nan product id a08ffa6ecdd0ab3c1f4fe348acc2553b review status da entrega foi mudado para produdto indispon vel sem nenhum aviso por mail ou contato do fornecedor como anunciam um produto que est dispon vel,en,pt,0.8088229561711217,129.99,32
b1c791ce2fd764b4aaea6b9064b224ac,category: perfumaria | product_id: b1c791ce2fd764b4aaea6b9064b224ac | review: Recomendo pre√ßo √≥timo chegou muito r√°pido o tempo todo nos deixa informa√ß√£o sobre o pedido por e mail. Enfim muito bom,category perfumaria product id b1c791ce2fd764b4aaea6b9064b224ac review recomendo pre timo chegou muito pido tempo todo nos deixa informa sobre pedido por mail enfim muito bom,pt,pt,0.8684416397197826,265.0,24
e7dffcd8a3257cf9f6644b7d30eaf727,"category: relogios_presentes | product_id: e7dffcd8a3257cf9f6644b7d30eaf727 | review: Chegou antes do prazo e muito bem embalado. 
S√≥ achei o rel√≥gio pequeno mas √© lindo üòç.",category relogios presentes product id e7dffcd8a3257cf9f6644b7d30eaf727 review chegou antes do prazo muito bem embalado achei rel gio pequeno mas lindo,en,pt,0.8440634989523671,228.0,20
dd77ffae83ea4313783323ea026dbf0a,category: casa_construcao | product_id: dd77ffae83ea4313783323ea026dbf0a | review: Produto chegou antes DO prazo. .compraria novamente,category casa construcao product id dd77ffae83ea4313783323ea026dbf0a review produto chegou antes do prazo compraria novamente,pt,pt,0.9169394003378379,75.9,14
6f7df385d032846d2941c806179cc78e,category: automotivo | product_id: 6f7df385d032846d2941c806179cc78e,category automotivo product id 6f7df385d032846d2941c806179cc78e,en,en,0.2982996283350764,399.9,5
7d1f165a4a03757ada8c56e9aba9fb41,category: moveis_decoracao | product_id: 7d1f165a4a03757ada8c56e9aba9fb41,category moveis decoracao product id 7d1f165a4a03757ada8c56e9aba9fb41,en,unknown,0.3715556376689189,158.0,6
106ebc8f9982193679d02a4584947b89,category: automotivo | product_id: 106ebc8f9982193679d02a4584947b89 | review: produto n√£o entregue,category automotivo product id 106ebc8f9982193679d02a4584947b89 review produto entregue,pt,pt,0.842862200092625,49.9,8
fc94d52bb346616a130e657a8fac829b,category: bebes | product_id: fc94d52bb346616a130e657a8fac829b,category bebes product id fc94d52bb346616a130e657a8fac829b,en,en,0.28242367667120855,90.9,5
fdc3af4045c7316cadde9fda3c335932,category: instrumentos_musicais | product_id: fdc3af4045c7316cadde9fda3c335932,category instrumentos musicais product id fdc3af4045c7316cadde9fda3c335932,en,unknown,0.3367161106418919,29.45,6
ff7824d83aca56224fa3e3b524748ec5,category: esporte_lazer | product_id: ff7824d83aca56224fa3e3b524748ec5,category esporte lazer product id ff7824d83aca56224fa3e3b524748ec5,en,unknown,0.205078125,109.0,6
d7a0d43b22866d7a8c1c22532daff378,category: cama_mesa_banho | product_id: d7a0d43b22866d7a8c1c22532daff378,category cama mesa banho product id d7a0d43b22866d7a8c1c22532daff378,en,unknown,0.21794499577702703,219.9,7
7d761cef314675473eda87ecc3b7e751,category: cama_mesa_banho | product_id: 7d761cef314675473eda87ecc3b7e751 | review: Adorei o tapete. Felpudo com bom acabamento,category cama mesa banho product id 7d761cef314675473eda87ecc3b7e751 review adorei tapete felpudo com bom acabamento,en,pt,0.856375636281194,77.9,14
46e4940f28c9231a801873e62ca55c53,"category: perfumaria | product_id: 46e4940f28c9231a801873e62ca55c53 | review: Produto chegou sem nenhum problema e at√© antes do prazo! | A entrega foi efetuada, por√©m veio faltando o item "" kit 2 pin√ßas"" | Comprei um conjunto de pin√ßas para alongamento de C√≠lios que me deixou extremamente insatisfeita! Logo que peguei nas m√£os vi a p√©ssima qualidade, cheio de defeitos nas pontas das pin√ßas. | Gosto da loja e dos produtos por√©m ainda n√£o recebi o meu.",category perfumaria product id 46e4940f28c9231a801873e62ca55c53 review produto chegou sem nenhum problema at antes do prazo entrega foi efetuada por veio faltando item kit pin as comprei um conjunto de pin as para alongamento de lios que me deixou extremamente insatisfeita logo que peguei nas os vi ssima qualidade cheio de defeitos nas pontas das pin as gosto da loja dos produtos por ainda recebi meu,pt,pt,0.8671158691784282,39.99,65
d761571f5524f788ce8a5797c4cd732f,category: beleza_saude | product_id: d761571f5524f788ce8a5797c4cd732f | review: Se voc√™s n√£o entregam onde eu morro porque cobram o frete sendo que tenho que ir buscar,category beleza saude product id d761571f5524f788ce8a5797c4cd732f review se voc entregam onde eu morro porque cobram frete sendo que tenho que ir buscar,en,pt,0.7277502111486487,85.9,22
ead72457c58dcea14f94c2223c684716,"category: esporte_lazer | product_id: ead72457c58dcea14f94c2223c684716 | review: Ainda estou aguardando uma resposta sobre o fato de ter recebido apenas um dos dois produto que comprei... | empresa respons√°vel, est√£o de parab√©ns",category esporte lazer product id ead72457c58dcea14f94c2223c684716 review ainda estou aguardando uma resposta sobre fato de ter recebido apenas um dos dois produto que comprei empresa respons vel est de parab ns,en,pt,0.9071723319388724,139.9,31
a9dad2ea6b0cb39733febae5b7ec1dda,category: utilidades_domesticas | product_id: a9dad2ea6b0cb39733febae5b7ec1dda,category utilidades domesticas product id a9dad2ea6b0cb39733febae5b7ec1dda,en,unknown,0.5534282375026393,51.4,6
79792fabf714677e94472c3ce5e719a5,category: moveis_decoracao | product_id: 79792fabf714677e94472c3ce5e719a5,category moveis decoracao product id 79792fabf714677e94472c3ce5e719a5,en,unknown,0.32800622888513514,18.9,6
c519f4684e315ead8f279de375f4aa61,category: informatica_acessorios | product_id: c519f4684e315ead8f279de375f4aa61,category informatica acessorios product id c519f4684e315ead8f279de375f4aa61,en,pt,0.28386296452702703,27.9,6
7ad1208884270048a2176ff437f49a9b,category: cama_mesa_banho | product_id: 7ad1208884270048a2176ff437f49a9b,category cama mesa banho product id 7ad1208884270048a2176ff437f49a9b,en,pt,0.3763064822635135,89.9,7
ea5708a5c7124ed181b770fe811ec775,category: papelaria | product_id: ea5708a5c7124ed181b770fe811ec775,category papelaria product id ea5708a5c7124ed181b770fe811ec775,en,en,0.28269373404013143,169.9,5
c8e3b23381d275296ec611061b616789,category: beleza_saude | product_id: c8e3b23381d275296ec611061b616789,category beleza saude product id c8e3b23381d275296ec611061b616789,en,pt,0.38521431587837834,294.99,6
7a63b90eac4831fa1eed304ebb910716,category: informatica_acessorios | product_id: 7a63b90eac4831fa1eed304ebb910716,category informatica acessorios product id 7a63b90eac4831fa1eed304ebb910716,en,en,0.22782814824903333,37.0,6
96cc6d39d2114a36f318d641c3cae43d,"category: brinquedos | product_id: 96cc6d39d2114a36f318d641c3cae43d | review: Produto chegou antes do prazo, bem embalado e n√£o tive nenhum problema com a entrega......nota 10....recomendo sim a loja....",category brinquedos product id 96cc6d39d2114a36f318d641c3cae43d review produto chegou antes do prazo bem embalado tive nenhum problema com entrega nota 10 recomendo sim loja,pt,pt,0.8899376156093838,99.9,23
f5068d43799fc3243cf62b290d885d3e,category: consoles_games | product_id: f5068d43799fc3243cf62b290d885d3e,category consoles games product id f5068d43799fc3243cf62b290d885d3e,en,en,0.5879961993243243,64.9,6
d5de9e83335830f4597d314e63845eb3,category: ferramentas_jardim | product_id: d5de9e83335830f4597d314e63845eb3 | review: Bom atendimento e previs√£o de entrega cumprido.  | Tudo ocorreu bem  | J√° sou freguesa satisfeita com o atendimento ...,category ferramentas jardim product id d5de9e83335830f4597d314e63845eb3 review bom atendimento previs de entrega cumprido tudo ocorreu bem sou freguesa satisfeita com atendimento,en,pt,0.861018283947094,490.0,21
819cc553cef53e5f33e1e74ef5133409,category: beleza_saude | product_id: 819cc553cef53e5f33e1e74ef5133409 | review: Muito bom e bem antes do prazo.,category beleza saude product id 819cc553cef53e5f33e1e74ef5133409 review muito bom bem antes do prazo,pt,pt,0.8901103251689189,140.0,13
60567eaf5cdf794639e94508ec387a82,"category: fashion_bolsas_e_acessorios | product_id: 60567eaf5cdf794639e94508ec387a82 | review: Material entregue em um pacote de papel kraft,recebi a mercadoria com o pacote todo aberto e rasgado.Este tipo de empacotamento nao √© recomendado pelos correios. | Muito Boa. | Gostei, e parabenizo pela pontualidade da entrega. Obrigada! | Gostei, e parabenizo pela pontualidade da entrega. Obrigada!",category fashion bolsas acessorios product id 60567eaf5cdf794639e94508ec387a82 review material entregue em um pacote de papel kraft recebi mercadoria com pacote todo aberto rasgado este tipo de empacotamento nao recomendado pelos correios muito boa gostei parabenizo pela pontualidade da entrega obrigada gostei parabenizo pela pontualidade da entrega obrigada,en,pt,0.883273442586263,170.89909090909092,47
7b0f65d848af0681e064d72f0d44e862,"category: informatica_acessorios | product_id: 7b0f65d848af0681e064d72f0d44e862 | review: cabo de excelente qualidade, chegou dentro do prazo.",category informatica acessorios product id 7b0f65d848af0681e064d72f0d44e862 review cabo de excelente qualidade chegou dentro do prazo,pt,pt,0.8373737141892718,45.0,15
e5e0c45564bc74a85e8e51968fdefa8d,category: automotivo | product_id: e5e0c45564bc74a85e8e51968fdefa8d,category automotivo product id e5e0c45564bc74a85e8e51968fdefa8d,en,unknown,0.28069573479729726,56.45,5
0df2a7a1ee25a81b032358dbb083319b,category: moveis_decoracao | product_id: 0df2a7a1ee25a81b032358dbb083319b | review: Ainda estou aguardando  | A tampa de cook top chegou toda quebrada. Pedi a devolu√ß√£o.,category moveis decoracao product id 0df2a7a1ee25a81b032358dbb083319b review ainda estou aguardando tampa de cook top chegou toda quebrada pedi devolu,en,pt,0.8838224797635466,169.0,19
41587317a0dfddc726a29e86b9527f48,category: consoles_games | product_id: 41587317a0dfddc726a29e86b9527f48,category consoles games product id 41587317a0dfddc726a29e86b9527f48,en,en,0.4356722445101351,59.0,6
b00cef861f6f633cc9eded86aedd8f3a,category: cama_mesa_banho | product_id: b00cef861f6f633cc9eded86aedd8f3a,category cama mesa banho product id b00cef861f6f633cc9eded86aedd8f3a,en,unknown,0.23595861486486486,79.9,7
bf4aa8e63457632377b86424e38fb071,"category: utilidades_domesticas | product_id: bf4aa8e63457632377b86424e38fb071 | review: Produto top pra quem que apaixonado por fazer drinks, recomendo o produto e a loja tbm que entregou no at√© antes do prazo. | Produto top pra quem que apaixonado por fazer drinks, recomendo o produto e a loja tbm que entregou no at√© antes do prazo.",category utilidades domesticas product id bf4aa8e63457632377b86424e38fb071 review produto top pra quem que apaixonado por fazer drinks recomendo produto loja tbm que entregou no at antes do prazo produto top pra quem que apaixonado por fazer drinks recomendo produto loja tbm que entregou no at antes do prazo,pt,pt,0.9087050089964994,7.8,47
1522a5bd5aab30ceb119c8fb8ec5a8f0,category: esporte_lazer | product_id: 1522a5bd5aab30ceb119c8fb8ec5a8f0,category esporte lazer product id 1522a5bd5aab30ceb119c8fb8ec5a8f0,en,unknown,0.29732369087837834,51.5,6
24d746a5965b583493871d11f75b1068,"category: instrumentos_musicais | product_id: 24d746a5965b583493871d11f75b1068 | review: Comprei duas unidades e recebi apenas uma com o valor de duas. At√© hj espero a resolu√ß√£o do problema e as respostas dos in√∫meros e-mail que mandei!
Nota Zero! | Comprei duas unidades e recebi apenas uma com o valor de duas. At√© hj espero a resolu√ß√£o do problema e as respostas dos in√∫meros e-mail que mandei!
Nota Zero!",category instrumentos musicais product id 24d746a5965b583493871d11f75b1068 review comprei duas unidades recebi apenas uma com valor de duas at hj espero resolu do problema as respostas dos in meros mail que mandei nota zero comprei duas unidades recebi apenas uma com valor de duas at hj espero resolu do problema as respostas dos in meros mail que mandei nota zero,en,pt,0.8725944231222342,65.9,59
68bec1af3851f58027db8beadf3914d7,category: informatica_acessorios | product_id: 68bec1af3851f58027db8beadf3914d7,category informatica acessorios product id 68bec1af3851f58027db8beadf3914d7,en,en,0.19199791470089472,79.9,6
ec5b5cce0b8464a1c618325f35c779dc,"category: moveis_decoracao | product_id: ec5b5cce0b8464a1c618325f35c779dc | review: Entrega bem antes do prazo, produto muito bem embalado! Muito bonito, do jeito que esperava!  | O papel de parede √© lindo, supera todas as expectativas. Produto entregue antes do prazo.",category moveis decoracao product id ec5b5cce0b8464a1c618325f35c779dc review entrega bem antes do prazo produto muito bem embalado muito bonito do jeito que esperava papel de parede lindo supera todas as expectativas produto entregue antes do prazo,pt,pt,0.8741049852457132,119.0,35
6bc53d46b55a38602aad862a37153ea6,category: casa_conforto | product_id: 6bc53d46b55a38602aad862a37153ea6,category casa conforto product id 6bc53d46b55a38602aad862a37153ea6,en,en,0.24579206672874654,289.0,6
184f6e7e403fe477af4b1a02b9d432e4,category: moveis_decoracao | product_id: 184f6e7e403fe477af4b1a02b9d432e4 | review: Fiquei muito feliz cm o produto e cm o prazo de entrega,category moveis decoracao product id 184f6e7e403fe477af4b1a02b9d432e4 review fiquei muito feliz cm produto cm prazo de entrega,pt,pt,0.8736776790103395,89.9,16
1272db6c9d16e3c3b9878c3462a0f369,category: malas_acessorios | product_id: 1272db6c9d16e3c3b9878c3462a0f369,category malas acessorios product id 1272db6c9d16e3c3b9878c3462a0f369,en,unknown,0.3713576858108108,158.13,6
f40ef461e35cca158e568c17293fb5be,category: telefonia | product_id: f40ef461e35cca158e568c17293fb5be,category telefonia product id f40ef461e35cca158e568c17293fb5be,en,en,0.25907196869721283,18.99,5
92473ca06aa61791e4dc02c9af82bf83,category: moveis_decoracao | product_id: 92473ca06aa61791e4dc02c9af82bf83 | review: Obrigado,category moveis decoracao product id 92473ca06aa61791e4dc02c9af82bf83 review obrigado,en,pt,0.8686829450968149,290.0,8
b8be700cb8f91067761b685ac5d1664f,"category: telefonia | product_id: b8be700cb8f91067761b685ac5d1664f | review: O produto foi entregue conforme pedido. No entanto, a pel√≠cula veio rachada. Como fa√ßo para proceder quanto a isso?",category telefonia product id b8be700cb8f91067761b685ac5d1664f review produto foi entregue conforme pedido no entanto pel cula veio rachada como fa para proceder quanto isso,pt,pt,0.8683448804391397,18.9,23
e27c4dd075a521097a085bced0631ce7,category: moveis_sala | product_id: e27c4dd075a521097a085bced0631ce7 | review: Sempre comprei nas lannister nunca havia tido problemas na montagem..so que desta vez veio faltando parafusos e porcas para a montagem do meu armario de a√ßo. Fiquei insatisfeita com essa compra. | Chegou antes do prazo. O piso √© muito pr√°tico e de f√°cil montagem.,category moveis sala product id e27c4dd075a521097a085bced0631ce7 review sempre comprei nas lannister nunca havia tido problemas na montagem so que desta vez veio faltando parafusos porcas para montagem do meu armario de fiquei insatisfeita com essa compra chegou antes do prazo piso muito pr tico de cil montagem,en,pt,0.8789968361725679,106.805,47
bf59082c832c1a67b92ee5ca73971f4e,category: utilidades_domesticas | product_id: bf59082c832c1a67b92ee5ca73971f4e | review: otima,category utilidades domesticas product id bf59082c832c1a67b92ee5ca73971f4e review otima,en,unknown,0.2248733108108108,219.99,8
36876fa11e21f66fcbe91abde34210c5,category: pet_shop | product_id: 36876fa11e21f66fcbe91abde34210c5,category pet shop product id 36876fa11e21f66fcbe91abde34210c5,en,en,0.43626610008445943,69.2,6
b776dbd8d7dfb18b7422dd99b1f1ba03,category: utilidades_domesticas | product_id: b776dbd8d7dfb18b7422dd99b1f1ba03,category utilidades domesticas product id b776dbd8d7dfb18b7422dd99b1f1ba03,en,en,0.13285139766899315,125.0,6
07797d4315ce5c1570e0a484472e04b5,category: moveis_decoracao | product_id: 07797d4315ce5c1570e0a484472e04b5 | review: A impress√£o do quadro √© p√©ssima. Detestei e estou tentando fazer a devolu√ß√£o do produto,category moveis decoracao product id 07797d4315ce5c1570e0a484472e04b5 review impress do quadro ssima detestei estou tentando fazer devolu do produto,en,pt,0.8985101210104453,99.9,18
a4feaaaf220690fe86cad96217774d0e,category: eletroportateis | product_id: a4feaaaf220690fe86cad96217774d0e,category eletroportateis product id a4feaaaf220690fe86cad96217774d0e,en,en,0.2897937877758129,187.0,5
32224b437cefd35300f4adeff01db8f4,"category: moveis_decoracao | product_id: 32224b437cefd35300f4adeff01db8f4 | review: O papel √© lindo, chegou bem antes do prazo. D√° um trabalhinho pra por, mas ficou lindo demais!",category moveis decoracao product id 32224b437cefd35300f4adeff01db8f4 review papel lindo chegou bem antes do prazo um trabalhinho pra por mas ficou lindo demais,en,pt,0.9238941089527026,49.9,22
529deff9c151e0db37c88a43952868bb,"category: eletroportateis | product_id: 529deff9c151e0db37c88a43952868bb | review: Dou parab√©ns para a entrega 10 dias de anteced√™ncia, o prazo era 13 e foi entregue em 3, e recomendo muito o produto, funciona perfeitamente e atendeu minhas necessidades üòÅ",category eletroportateis product id 529deff9c151e0db37c88a43952868bb review dou parab ns para entrega 10 dias de anteced ncia prazo era 13 foi entregue em recomendo muito produto funciona perfeitamente atendeu minhas necessidades,en,pt,0.8876539780212951,245.99,30
3e442d09f9dfef002aadf31960869f65,"category: informatica_acessorios | product_id: 3e442d09f9dfef002aadf31960869f65 | review: Produto √≥timo chegou antes do prazo eu recomendo  | O produto √© √≥timo, mas as cores diferenciaram das da propaganda do site, por√©m gostei destas cores tamb√©m. | adorei a capa,muito linda | √ìtimo produto. | Produto perfeito, de qualidade e chegou bem antes do prazo. Recomendo  | A capa chegou antes do prazo e estava como no an√∫ncio. Super recomendo a loja!  | Produto dentro das expectativas esperadas. | N√ÉO RECEBI O PRODUTO!!!!! | Agrade√ßo pois chegou corretamente e at√© antes do prazo. N√£o sou de comprar pela Internet pois tenho desconfian√ßas mas recomendo por esta loja. | Bom",category informatica acessorios product id 3e442d09f9dfef002aadf31960869f65 review produto timo chegou antes do prazo eu recomendo produto timo mas as cores diferenciaram das da propaganda do site por gostei destas cores tamb adorei capa muito linda timo produto produto perfeito de qualidade chegou bem antes do prazo recomendo capa chegou antes do prazo estava como no an ncio super recomendo loja produto dentro das expectativas esperadas recebi produto agrade pois chegou corretamente at antes do prazo sou de comprar pela internet pois tenho desconfian as mas recomendo por esta loja bom,pt,pt,0.8873260815938314,26.86296296296296,90
4039be757013ccb66cb41d683261dece,"category: utilidades_domesticas | product_id: 4039be757013ccb66cb41d683261dece | review: Muito bom, como sempre",category utilidades domesticas product id 4039be757013ccb66cb41d683261dece review muito bom como sempre,en,pt,0.8069886645755252,142.0,11
d540d228abea2bb0713acb40e4f3d341,category: pet_shop | product_id: d540d228abea2bb0713acb40e4f3d341 | review: Chegou bem antes da data prevista.... | Entrega no prazo combinado.,category pet shop product id d540d228abea2bb0713acb40e4f3d341 review chegou bem antes da data prevista entrega no prazo combinado,en,pt,0.8596515612559276,254.0,17
1c63d0a4d75df524d4605a43285925d7,"category: bebes | product_id: 1c63d0a4d75df524d4605a43285925d7 | review: Alem de ter recebido dentro do prazo, o produto veio exatamente como descrito. Ainda n√£o testei, mas aparentemente possue uma boa qualidade, foi facil de montar. | Entrega antes do prazo | Boa noite,
S√≥ recebi o esterilizador, n√£o recebi a almofada.
Al√©m disso, o esterilizador veio com a caixa aberta/rasgada. | Produto barato e de √≥tima qualidade, enquanto muitos procuram um esterilizador caro, eu procurei um mais mais barato e confesso q fiquei com medo de ser mt fr√°gil, mas pelo o contr√°rio. Mt bom!",category bebes product id 1c63d0a4d75df524d4605a43285925d7 review alem de ter recebido dentro do prazo produto veio exatamente como descrito ainda testei mas aparentemente possue uma boa qualidade foi facil de montar entrega antes do prazo boa noite recebi esterilizador recebi almofada al disso esterilizador veio com caixa aberta rasgada produto barato de tima qualidade enquanto muitos procuram um esterilizador caro eu procurei um mais mais barato confesso fiquei com medo de ser mt fr gil mas pelo contr rio mt bom,pt,pt,0.7830869528624388,55.32083333333333,80
5e094b8daf1ba2eb4d6c0cc6ac2ad51e,category: beleza_saude | product_id: 5e094b8daf1ba2eb4d6c0cc6ac2ad51e,category beleza saude product id 5e094b8daf1ba2eb4d6c0cc6ac2ad51e,en,pt,0.30167863175675674,99.99,6
4aca38e787c979a6106440c7a63036b4,category: brinquedos | product_id: 4aca38e787c979a6106440c7a63036b4 | review: Recomendo,category brinquedos product id 4aca38e787c979a6106440c7a63036b4 review recomendo,pt,pt,0.39986275337837834,79.9,7
ab9456d1c4cb5ef44bdecc0aa8021f39,category: moveis_decoracao | product_id: ab9456d1c4cb5ef44bdecc0aa8021f39,category moveis decoracao product id ab9456d1c4cb5ef44bdecc0aa8021f39,en,unknown,0.3250369510135135,43.99,6
21733435c91b1a39455537eeacd3c467,category: ferramentas_jardim | product_id: 21733435c91b1a39455537eeacd3c467,category ferramentas jardim product id 21733435c91b1a39455537eeacd3c467,en,pt,0.38304270280374064,14.9,6
a5502e9954017124d95f7bce4c89d339,category: cama_mesa_banho | product_id: a5502e9954017124d95f7bce4c89d339 | review: satisfeita,category cama mesa banho product id a5502e9954017124d95f7bce4c89d339 review satisfeita,en,pt,0.6584367301013018,34.9,9
7b8603501af310bf297351a4cc8cd3a5,"category: esporte_lazer | product_id: 7b8603501af310bf297351a4cc8cd3a5 | review: Site bom para comprar, chegou no prazo. Gostei.",category esporte lazer product id 7b8603501af310bf297351a4cc8cd3a5 review site bom para comprar chegou no prazo gostei,pt,pt,0.8991193341779278,88.0,15
70aa499facb0946dc40ff974166fd522,"category: automotivo | product_id: 70aa499facb0946dc40ff974166fd522 | review: Recebi o produto errado. | O produto foi entregue correta e rapidamente. J√° foi testado e aprovado. Sugiro refor√ßarem a estrutura pl√°stica, principalmente da torre da manivela, para dar maior firmeza ao movimento. Obrigada. | Produto veio quebrado | Tudo conforme o previsto e combinado. Boa qualidade do produto. Recomendado. Obrigada. | a voltagem aqui e 220 v e veio 110 v , mas ja contactei e o fabricante fui prontamente atendido. | A resist√™ncia deveria vir uma 110 e outra 220.
Vieram duas 110.
Essa foi a raz√£o de meu desapontamento.
E como corrigir? | Fiquei satisfeito com o produto adquerido, atendeu a minha expectativa.",category automotivo product id 70aa499facb0946dc40ff974166fd522 review recebi produto errado produto foi entregue correta rapidamente foi testado aprovado sugiro refor arem estrutura pl stica principalmente da torre da manivela para dar maior firmeza ao movimento obrigada produto veio quebrado tudo conforme previsto combinado boa qualidade do produto recomendado obrigada voltagem aqui 220 veio 110 mas ja contactei fabricante fui prontamente atendido resist ncia deveria vir uma 110 outra 220 vieram duas 110 essa foi raz de meu desapontamento como corrigir fiquei satisfeito com produto adquerido atendeu minha expectativa,en,pt,0.9093658064936732,129.0614285714286,87
c4b5776ae19c3e9ee28323b38d41c72f,category: moveis_decoracao | product_id: c4b5776ae19c3e9ee28323b38d41c72f,category moveis decoracao product id c4b5776ae19c3e9ee28323b38d41c72f,en,unknown,0.39293443834459457,154.9,6
ef9f731f8f63f85ea53e94df375baf54,"category: instrumentos_musicais | product_id: ef9f731f8f63f85ea53e94df375baf54 | review: Produto entregue em antes do prazo previsto, em excelentes condi√ß√µes. Parab√©ns!",category instrumentos musicais product id ef9f731f8f63f85ea53e94df375baf54 review produto entregue em antes do prazo previsto em excelentes condi es parab ns,en,pt,0.9060318470001221,890.0,20
b0fd7a18daa40299b5393b4280b55dad,category: informatica_acessorios | product_id: b0fd7a18daa40299b5393b4280b55dad | review: N√£o Recebi o produto ainda!! | Entregue no prazo. Tudo OK.,category informatica acessorios product id b0fd7a18daa40299b5393b4280b55dad review recebi produto ainda entregue no prazo tudo ok,pt,pt,0.8990958767968256,64.9,15
aa8dbe0ebad6906e9253479e1027185e,category: utilidades_domesticas | product_id: aa8dbe0ebad6906e9253479e1027185e,category utilidades domesticas product id aa8dbe0ebad6906e9253479e1027185e,en,unknown,0.49025257858070165,54.9,6
d517de1f2a8247cc1ea2951c4039ae20,category: brinquedos | product_id: d517de1f2a8247cc1ea2951c4039ae20 | review: Adorei,category brinquedos product id d517de1f2a8247cc1ea2951c4039ae20 review adorei,en,pt,0.5607397942929654,76.99,7
84d0969ab5317ca361e0a628948a4624,category: moveis_decoracao | product_id: 84d0969ab5317ca361e0a628948a4624 | review: Excelente!!,category moveis decoracao product id 84d0969ab5317ca361e0a628948a4624 review excelente,en,unknown,0.3252349028716216,258.0,8
b7605b5b483063d12bd90a772bff9d21,"category: cama_mesa_banho | product_id: b7605b5b483063d12bd90a772bff9d21 | review: xxx | Foi muito bom comprar nas Lojas lannister. S√≥ falta receber mais um produto. | Estou esperando o pedido | Produto n√£o entregue apesar do status estar o contr√°rio.  | Por favor envie o outro jogo de tapete de sapinho  | todas compras feitas, eu recebo no prazo, √≥timo atendimento. | Entregada super rapida parabens  | amei, material excelente
Embora esteja uma pendencia com as lojas Americana 
N√£o √© porque houve um Deslize que vou dizer que √© ruim
 | amei, material excelente
Embora esteja uma pendencia com as lojas Americana 
N√£o √© porque houve um Deslize que vou dizer que √© ruim",category cama mesa banho product id b7605b5b483063d12bd90a772bff9d21 review xxx foi muito bom comprar nas lojas lannister falta receber mais um produto estou esperando pedido produto entregue apesar do status estar contr rio por favor envie outro jogo de tapete de sapinho todas compras feitas eu recebo no prazo timo atendimento entregada super rapida parabens amei material excelente embora esteja uma pendencia com as lojas americana porque houve um deslize que vou dizer que ruim amei material excelente embora esteja uma pendencia com as lojas americana porque houve um deslize que vou dizer que ruim,en,pt,0.839517085616653,48.0,94
70c6bcc1ade2c8284d07bddfe37dcfee,"category: utilidades_domesticas | product_id: 70c6bcc1ade2c8284d07bddfe37dcfee | review: Olha , gostei muito das coisas que tem na loja. Pena que a lixeira n√£o foi como eu esperava. Mas √© bonita ent√£o dei de presente para minha irm√£ que se mudou agora √©",category utilidades domesticas product id 70c6bcc1ade2c8284d07bddfe37dcfee review olha gostei muito das coisas que tem na loja pena que lixeira foi como eu esperava mas bonita ent dei de presente para minha irm que se mudou agora,en,pt,0.5928130278716216,34.2,36
b42c05a477c94b52587fa47d777928df,"category: cama_mesa_banho | product_id: b42c05a477c94b52587fa47d777928df | review: n√£o gostei, efetuei a compra, paguei pelo frete, e o produto esta nos correios bem longe de minha residencia, quero meu estorno. | Produto entregue dentro do prazo e a qualidade do produto foi conforme o esperado. | Produto entregue dentro do prazo e a qualidade do produto foi conforme o esperado. | Foi tudo como prometido o profuto chegou antes do prazo em perfeito estado e do jeito que eu imaginava parabens super recomendo",category cama mesa banho product id b42c05a477c94b52587fa47d777928df review gostei efetuei compra paguei pelo frete produto esta nos correios bem longe de minha residencia quero meu estorno produto entregue dentro do prazo qualidade do produto foi conforme esperado produto entregue dentro do prazo qualidade do produto foi conforme esperado foi tudo como prometido profuto chegou antes do prazo em perfeito estado do jeito que eu imaginava parabens super recomendo,en,pt,0.9302540212064175,94.5,68
de6517dda8e49774f58c07f80abc8d7a,category: market_place | product_id: de6517dda8e49774f58c07f80abc8d7a | review: Produto entregue dentro do prazo . Gostei muito.,category market place product id de6517dda8e49774f58c07f80abc8d7a review produto entregue dentro do prazo gostei muito,pt,pt,0.5928130278716216,68.9,14
b1035b3d307f0aeb6157fdd3e09f8119,"category: telefonia | product_id: b1035b3d307f0aeb6157fdd3e09f8119 | review: Recebi o produto mais veio errado, ainda n√£o recebi nenhum contato da empresa! | J√° comprei outras vezes e fui bem atendido.",category telefonia product id b1035b3d307f0aeb6157fdd3e09f8119 review recebi produto mais veio errado ainda recebi nenhum contato da empresa comprei outras vezes fui bem atendido,pt,pt,0.903029983108108,1423.39,23
de6702c748c719cbd13bb814f006ba22,category: nan | product_id: de6702c748c719cbd13bb814f006ba22 | review: muito bom a compara | muito bonito pre√ßo regular podia ser mai barato,category nan product id de6702c748c719cbd13bb814f006ba22 review muito bom compara muito bonito pre regular podia ser mai barato,pt,pt,0.8801771305702827,29.9,17
bb7181410b4e02f93f3697f765db53c7,"category: bebes | product_id: bb7181410b4e02f93f3697f765db53c7 | review: O prazo de entrega podia ser menor! | So achei o preco do frete muito alto! | Comparei uma banheira e n√£o recebi no prazo combinado tenho pressa pois meu neto est√° pra nascer antes de eu fazer a compra eu me certifiquei que iriam me entregar na data certa mais n√£o recebi | Feliz com a compra | As entregas est√£o demorando de mais. | O produto chegou intacto, mas a embalagem toda rasgada e o produto parcialmente exposto.  | Tudo maravilhoso recomendo!",category bebes product id bb7181410b4e02f93f3697f765db53c7 review prazo de entrega podia ser menor so achei preco do frete muito alto comparei uma banheira recebi no prazo combinado tenho pressa pois meu neto est pra nascer antes de eu fazer compra eu me certifiquei que iriam me entregar na data certa mais recebi feliz com compra as entregas est demorando de mais produto chegou intacto mas embalagem toda rasgada produto parcialmente exposto tudo maravilhoso recomendo,en,pt,0.874156734964869,117.81782608695652,73
b825640a6e030d36a45c34eed447a07a,category: cool_stuff | product_id: b825640a6e030d36a45c34eed447a07a,category cool stuff product id b825640a6e030d36a45c34eed447a07a,en,en,0.3243243243243243,67.5,6
7f253218cda162fcc215fd4e0768b00c,category: cool_stuff | product_id: 7f253218cda162fcc215fd4e0768b00c | review: legal,category cool stuff product id 7f253218cda162fcc215fd4e0768b00c review legal,en,en,0.4753615920608108,369.0,8
ed5f0d58e27cf65a07283c251747936f,"category: consoles_games | product_id: ed5f0d58e27cf65a07283c251747936f | review: Estou tentando entrar em contato h√° dias com o stark e a targaryen para resolu√ß√£o do problema.
Veio somente metade do pedido.",category consoles games product id ed5f0d58e27cf65a07283c251747936f review estou tentando entrar em contato dias com stark targaryen para resolu do problema veio somente metade do pedido,en,pt,0.706704062384528,56.56666666666666,25
128d1c88b601731fe8ed4044b1ae7a6a,"category: cama_mesa_banho | product_id: 128d1c88b601731fe8ed4044b1ae7a6a | review: Gostei muito da minha capa de poltrona, e estou muito satisfeita com a agilidade, foi entregue bem antes do prazo previsto. Recomendo.",category cama mesa banho product id 128d1c88b601731fe8ed4044b1ae7a6a review gostei muito da minha capa de poltrona estou muito satisfeita com agilidade foi entregue bem antes do prazo previsto recomendo,pt,pt,0.8858270322954334,39.99,28
9223a3da528213e384a176a70d92130a,"category: esporte_lazer | product_id: 9223a3da528213e384a176a70d92130a | review: sou cliente ass√≠duo das Lojas lannister e nunca tive um problema com minhas compras.
 | Muito bom o produto",category esporte lazer product id 9223a3da528213e384a176a70d92130a review sou cliente ass duo das lojas lannister nunca tive um problema com minhas compras muito bom produto,pt,pt,0.8481798064601314,117.49,24
d0f60ef2a4823f57f00f1bd5cb463148,"category: esporte_lazer | product_id: d0f60ef2a4823f57f00f1bd5cb463148 | review: Mto bom, parab√©ns",category esporte lazer product id d0f60ef2a4823f57f00f1bd5cb463148 review mto bom parab ns,en,unknown,0.22289379222972971,21.0,11
ad7beed1d6b41ea967b2724468a23c92,category: moveis_decoracao | product_id: ad7beed1d6b41ea967b2724468a23c92,category moveis decoracao product id ad7beed1d6b41ea967b2724468a23c92,en,unknown,0.36324165962837834,34.9,6
edac4210602e69d752554780d5a913f4,category: ferramentas_jardim | product_id: edac4210602e69d752554780d5a913f4,category ferramentas jardim product id edac4210602e69d752554780d5a913f4,en,pt,0.5222623605985899,66.67,6
368ba390a67a37fa114450dc1f19e047,"category: fashion_bolsas_e_acessorios | product_id: 368ba390a67a37fa114450dc1f19e047 | review: Adorei o produto 
Igual ao an√∫ncio 
Estou mto satisfeita !",category fashion bolsas acessorios product id 368ba390a67a37fa114450dc1f19e047 review adorei produto igual ao an ncio estou mto satisfeita,en,pt,0.8659546375274658,59.9,17
6a3370dbb5bd5817ac81a5db12cb2baa,category: perfumaria | product_id: 6a3370dbb5bd5817ac81a5db12cb2baa,category perfumaria product id 6a3370dbb5bd5817ac81a5db12cb2baa,en,en,0.2565986530200855,36.9,5
a01d1cbb398e386a4a8f8364401a7584,category: esporte_lazer | product_id: a01d1cbb398e386a4a8f8364401a7584,category esporte lazer product id a01d1cbb398e386a4a8f8364401a7584,en,unknown,0.24070945945945946,65.9,6
b1d69027dcf7fec05464c24c1e197dde,category: perfumaria | product_id: b1d69027dcf7fec05464c24c1e197dde,category perfumaria product id b1d69027dcf7fec05464c24c1e197dde,en,unknown,0.3901631123310811,98.0,5
1d1d29cb3e67f3a4d7eb040b5a13d361,category: moveis_decoracao | product_id: 1d1d29cb3e67f3a4d7eb040b5a13d361,category moveis decoracao product id 1d1d29cb3e67f3a4d7eb040b5a13d361,en,unknown,0.3594805743243243,176.99,6
725cbfcaff95a4d43742fdf13cf43c75,"category: cool_stuff | product_id: 725cbfcaff95a4d43742fdf13cf43c75 | review: O produto foi entregue super r√°pido, recomendo.  | fiquei muito satisfeita com o atendimento e com o produto | Chegou antes do prazo | Produto bom
Entrega r√°pida",category cool stuff product id 725cbfcaff95a4d43742fdf13cf43c75 review produto foi entregue super pido recomendo fiquei muito satisfeita com atendimento com produto chegou antes do prazo produto bom entrega pida,pt,pt,0.906128589527027,45.205789473684206,28
db59f0dfd5593c492b2ff1a6ab50cc2d,category: esporte_lazer | product_id: db59f0dfd5593c492b2ff1a6ab50cc2d,category esporte lazer product id db59f0dfd5593c492b2ff1a6ab50cc2d,en,en,0.24874533833684145,99.9,6
5bc6f966c95b579fc0982b73007f1917,category: cama_mesa_banho | product_id: 5bc6f966c95b579fc0982b73007f1917,category cama mesa banho product id 5bc6f966c95b579fc0982b73007f1917,en,pt,0.35611883369652003,95.0,7
ce7757befc6e69c9a3c2d7551ea423ce,category: construcao_ferramentas_construcao | product_id: ce7757befc6e69c9a3c2d7551ea423ce,category construcao ferramentas construcao product id ce7757befc6e69c9a3c2d7551ea423ce,en,pt,0.6504025137102281,1060.0,7
48633254f8b7b802b1ca8c4f4dcf3e33,category: artes | product_id: 48633254f8b7b802b1ca8c4f4dcf3e33 | review: Produto de qualidade.,category artes product id 48633254f8b7b802b1ca8c4f4dcf3e33 review produto de qualidade,en,pt,0.8665386535025931,46.9,9
6a4bdc32bf81f50cb387fd6178ce7b07,category: cama_mesa_banho | product_id: 6a4bdc32bf81f50cb387fd6178ce7b07 | review: Gostei bastante do produto,category cama mesa banho product id 6a4bdc32bf81f50cb387fd6178ce7b07 review gostei bastante do produto,pt,pt,0.8485009090320484,143.54,12
15a581e2cae15fe40ac430f07dc6aa12,category: casa_construcao | product_id: 15a581e2cae15fe40ac430f07dc6aa12,category casa construcao product id 15a581e2cae15fe40ac430f07dc6aa12,en,unknown,0.40492978933695195,209.99,6
0a859d8dc68f6a746b4709217110c439,category: esporte_lazer | product_id: 0a859d8dc68f6a746b4709217110c439,category esporte lazer product id 0a859d8dc68f6a746b4709217110c439,en,en,0.23850225757908175,399.0,6
6acecf7108cde510886d761f5d107fe1,"category: papelaria | product_id: 6acecf7108cde510886d761f5d107fe1 | review: Chegou antes do previsto. 
Veio muito bem embalado... at√© com.papel de presente ! Adorei !",category papelaria product id 6acecf7108cde510886d761f5d107fe1 review chegou antes do previsto veio muito bem embalado at com papel de presente adorei,pt,pt,0.7304537274816013,120.9,20
a3c933b29543a2b90e9aca184ee7397a,"category: cama_mesa_banho | product_id: a3c933b29543a2b90e9aca184ee7397a | review: Eu n√£o recebi os dois produtos falta 
Kit tapetes para cozinha 3 pe√ßas pintado √† m√£o - Cru
1 unidade - R$ 35,00 cada

 |  Adorei o produto e foi entregue no prazo.",category cama mesa banho product id a3c933b29543a2b90e9aca184ee7397a review eu recebi os dois produtos falta kit tapetes para cozinha pe as pintado cru unidade 35 00 cada adorei produto foi entregue no prazo,en,pt,0.9267477022634969,69.9,32
9e45be91c990797c9bb60ce6fa369bff,category: moveis_decoracao | product_id: 9e45be91c990797c9bb60ce6fa369bff,category moveis decoracao product id 9e45be91c990797c9bb60ce6fa369bff,en,unknown,0.3474055109797297,119.9,6
49e70ba5085cd95e69fb041635304a0c,category: fashion_bolsas_e_acessorios | product_id: 49e70ba5085cd95e69fb041635304a0c,category fashion bolsas acessorios product id 49e70ba5085cd95e69fb041635304a0c,en,pt,0.3994668496621621,23.2,7
60dfe129ad287ca8cd2656a8151138ad,category: moveis_decoracao | product_id: 60dfe129ad287ca8cd2656a8151138ad,category moveis decoracao product id 60dfe129ad287ca8cd2656a8151138ad,en,unknown,0.3664088893581081,129.9,6
8aefc25069d9ccef99f9f08d4a869ac4,"category: telefonia | product_id: 8aefc25069d9ccef99f9f08d4a869ac4 | review: N√£o posso avaliar, n√£o sei oque houve !",category telefonia product id 8aefc25069d9ccef99f9f08d4a869ac4 review posso avaliar sei oque houve,pt,pt,0.7146246691007871,17.99,11
8abdb2ffbf92eb0bcdd82fce515fde6a,category: automotivo | product_id: 8abdb2ffbf92eb0bcdd82fce515fde6a,category automotivo product id 8abdb2ffbf92eb0bcdd82fce515fde6a,en,unknown,0.26268211570945943,399.99,5
1027d3061ac141bbb2ea003c63dc3d66,category: automotivo | product_id: 1027d3061ac141bbb2ea003c63dc3d66 | review: td como ofertado no site!,category automotivo product id 1027d3061ac141bbb2ea003c63dc3d66 review td como ofertado no site,en,pt,0.4258169966775017,389.9,11
2e91e5644d8da04d17ade8d59c0990ca,category: beleza_saude | product_id: 2e91e5644d8da04d17ade8d59c0990ca | review: O produto chegou r√°pido antes do prazo,category beleza saude product id 2e91e5644d8da04d17ade8d59c0990ca review produto chegou pido antes do prazo,pt,pt,0.9064857830872406,188.0,13
c20fbbd4ccf2f7da70e150689a6a905f,category: perfumaria | product_id: c20fbbd4ccf2f7da70e150689a6a905f | review: Loja coloca prazo extremamente extenso para entrega de produtos e nem assim consegue cumpri-los.,category perfumaria product id c20fbbd4ccf2f7da70e150689a6a905f review loja coloca prazo extremamente extenso para entrega de produtos nem assim consegue cumpri los,en,pt,0.8329995129559491,308.95,20
ace5d86cf1ac63cdb76f49e5cd23d2f8,"category: moveis_decoracao | product_id: ace5d86cf1ac63cdb76f49e5cd23d2f8 | review: AS CORES DA ESTAMPA N√ÉO S√ÉO VIBRANTES COMO NA FOTO DO SITE. √â MEIO DESBOTADO E FICA MEIO DESFOCASO. | √ìtimo produto
 | √ìtima  | Amei a cortina superou minhas expectativas, muito linda, excelente material.. | Odorei o produto, obg | LOJISTA OTIMO, PRODUTO ENTREGUE BEM ANTES DO PRAZO E MERCADORIA TAMBEM DE OTIMA QUALIDADE. | Material de p√©ssima qualidade, os iloes rasgados. Preciso de troca ou reembolso. | Comprei duas cortinas e recebi apenas uma.
Era pra dar de presente,infelizmente n√£o deu certo. | O produto chegou corretamente, do jeito que encomendei.  | Recebi antes do prazo.  | Lindo,f√°cil de limpar, √≥timo custo benef√≠cio. | O esperado pelo valor",category moveis decoracao product id ace5d86cf1ac63cdb76f49e5cd23d2f8 review as cores da estampa vibrantes como na foto do site meio desbotado fica meio desfocaso timo produto tima amei cortina superou minhas expectativas muito linda excelente material odorei produto obg lojista otimo produto entregue bem antes do prazo mercadoria tambem de otima qualidade material de ssima qualidade os iloes rasgados preciso de troca ou reembolso comprei duas cortinas recebi apenas uma era pra dar de presente infelizmente deu certo produto chegou corretamente do jeito que encomendei recebi antes do prazo lindo cil de limpar timo custo benef cio esperado pelo valor,pt,pt,0.8849671299393113,50.535714285714285,98
703d742887bb9267f89b675608ba7aa0,"category: cama_mesa_banho | product_id: 703d742887bb9267f89b675608ba7aa0 | review: OTIMO PRODUTO | TUDO √ìTIMO | TD DE BOM | TD DE BOM | Bom produto.
 | A encomenda chegou certinha e antes do prazo previsto. Recomendo!  | Recebi o produtos na data porem vieram um pouco sujos os protetores | Recebi o produtos na data porem vieram um pouco sujos os protetores | Recebi o produtos na data porem vieram um pouco sujos os protetores | Recebi o produtos na data porem vieram um pouco sujos os protetores | Nunca fiz uma compra pela lannister que demorasse tanto a receber. Gostaria de saber o motivo!  | recomendo | Gostei muito da capa protetora de colch√£o!! √ìtimo produto ! | Recomendo,produto de boa qualidade. | ................ | Chegou antes do prazo um produto muito bom | Muito bom o produto foi entregue antes do prazo  | muito bom | Recebi apenas a Cadeira secret√°ria girat√≥ria crepe verde bandeira. As Capas Para Colch√£o Casal Imperme√°veis ainda n√£o chegaram. | Recebi apenas a Cadeira secret√°ria girat√≥ria crepe verde bandeira. As Capas Para Colch√£o Casal Imperme√°veis ainda n√£o chegaram. | Recebi apenas a Cadeira secret√°ria girat√≥ria crepe verde bandeira. As Capas Para Colch√£o Casal Imperme√°veis ainda n√£o chegaram. | Veio capa de colch√£o queem. Na hora da compra n√£o foi me informado o tamanho. O que j√° √© uma falha. Acho que o cliente teria que ser orientado sobre medidas. Estou esperando orienta√ß√µes para devolver  | otimo site .entrega rapida | entrega rapida produto otimo | A transportadora informou que eu estava ausente em casa, sendo que passo o dia todo em casa n√£o teve nem op√ß√£o de ligar para reclamar ..",category cama mesa banho product id 703d742887bb9267f89b675608ba7aa0 review otimo produto tudo timo td de bom td de bom bom produto encomenda chegou certinha antes do prazo previsto recomendo recebi produtos na data porem vieram um pouco sujos os protetores recebi produtos na data porem vieram um pouco sujos os protetores recebi produtos na data porem vieram um pouco sujos os protetores recebi produtos na data porem vieram um pouco sujos os protetores nunca fiz uma compra pela lannister que demorasse tanto receber gostaria de saber motivo recomendo gostei muito da capa protetora de colch timo produto recomendo produto de boa qualidade chegou antes do prazo um produto muito bom muito bom produto foi entregue antes do prazo muito bom recebi apenas cadeira secret ria girat ria crepe verde bandeira as capas para colch casal imperme veis ainda chegaram recebi apenas cadeira secret ria girat ria crepe verde bandeira as capas para colch casal imperme veis ainda chegaram recebi apenas cadeira secret ria girat ria crepe verde bandeira as capas para colch casal imperme veis ainda chegaram veio capa de colch queem na hora da compra foi me informado tamanho que uma falha acho que cliente teria que ser orientado sobre medidas estou esperando orienta es para devolver otimo site entrega rapida entrega rapida produto otimo transportadora informou que eu estava ausente em casa sendo que passo dia todo em casa teve nem op de ligar para reclamar,pt,pt,0.9037580793888872,56.1,237
756eab67d3c0edae186c4617412c056b,"category: beleza_saude | product_id: 756eab67d3c0edae186c4617412c056b | review: O Produto n√£o veio na cor escolhida (Estetosc√≥pio Littmann Cardiology IV Burgundy 6153), e sim entregaram um cor vinho...o que fa√ßo agora
presente para o dia dos pai",category beleza saude product id 756eab67d3c0edae186c4617412c056b review produto veio na cor escolhida estetosc pio littmann cardiology iv burgundy 6153 sim entregaram um cor vinho que fa agora presente para dia dos pai,pt,pt,0.8186583132357209,1095.65,32
6401d2f82d6e6c52998ce626fe4eda24,"category: fashion_roupa_masculina | product_id: 6401d2f82d6e6c52998ce626fe4eda24 | review: Recebi o produtos errado, e n√£o consigo fazer a troca ou devolu√ß√£o",category fashion roupa masculina product id 6401d2f82d6e6c52998ce626fe4eda24 review recebi produtos errado consigo fazer troca ou devolu,pt,pt,0.9086617070275383,69.9,16
02d48451331287e2bf12560d032d57a6,"category: eletronicos | product_id: 02d48451331287e2bf12560d032d57a6 | review: Tive que comprar um cabo que n√£o veio com o adaptador,adaptador incompleto para o uso.",category eletronicos product id 02d48451331287e2bf12560d032d57a6 review tive que comprar um cabo que veio com adaptador adaptador incompleto para uso,pt,pt,0.7186121618425524,79.0,19
795156625747aca0c4d4b44d22a5e6dd,category: informatica_acessorios | product_id: 795156625747aca0c4d4b44d22a5e6dd | review: Ok,category informatica acessorios product id 795156625747aca0c4d4b44d22a5e6dd review ok,en,unknown,0.3151393581081081,49.9,8
9059b4009ee73aff5c683ea3b9307604,category: moveis_decoracao | product_id: 9059b4009ee73aff5c683ea3b9307604,category moveis decoracao product id 9059b4009ee73aff5c683ea3b9307604,en,en,0.23802870028727763,59.0,6
706a5e521711344bfd262cb3f2a77a78,category: bebes | product_id: 706a5e521711344bfd262cb3f2a77a78,category bebes product id 706a5e521711344bfd262cb3f2a77a78,en,unknown,0.4332366827371958,42.9,5
64367bed3ed96fd9381676fbe33b6443,category: pet_shop | product_id: 64367bed3ed96fd9381676fbe33b6443 | review: as aves responderam muito bem com o produto.,category pet shop product id 64367bed3ed96fd9381676fbe33b6443 review as aves responderam muito bem com produto,en,pt,0.8547034693193863,99.0,14
7aa6e062307255430c735f98b847578e,category: utilidades_domesticas | product_id: 7aa6e062307255430c735f98b847578e,category utilidades domesticas product id 7aa6e062307255430c735f98b847578e,en,unknown,0.2102248733108108,6.9,6
c6f46351ae5ae5a6d75ab14996584ce1,"category: moveis_decoracao | product_id: c6f46351ae5ae5a6d75ab14996584ce1 | review: O pedido foi entregue parcial e nao total. Na nota veio faturado dois adesivos, porem recebi Smente Faixa Carro Trenzinho Trator Caminh√£o M10 , a faixa Carro Trator Caminh√£o Trenzinho M18 NAO RECEBI",category moveis decoracao product id c6f46351ae5ae5a6d75ab14996584ce1 review pedido foi entregue parcial nao total na nota veio faturado dois adesivos porem recebi smente faixa carro trenzinho trator caminh m10 faixa carro trator caminh trenzinho m18 nao recebi,en,pt,0.9003218766805288,49.0,36
c625ae2c17fb3590976b5822c1505126,"category: utilidades_domesticas | product_id: c625ae2c17fb3590976b5822c1505126 | review: N√£o recebi o produto, e o estorno no cart√£o s√≥ foi feito dois meses depois.",category utilidades domesticas product id c625ae2c17fb3590976b5822c1505126 review recebi produto estorno no cart foi feito dois meses depois,en,pt,0.8989117467725599,95.17,17
3f9e3d09e34ab9b3235a0e9d584bba25,"category: moveis_decoracao | product_id: 3f9e3d09e34ab9b3235a0e9d584bba25 | review: Bom,eu recomendo o vendedor!!",category moveis decoracao product id 3f9e3d09e34ab9b3235a0e9d584bba25 review bom eu recomendo vendedor,en,pt,0.8840342147930248,34.99,11
0fce35c0b7338bda3e52e2389f0c0762,"category: moveis_decoracao | product_id: 0fce35c0b7338bda3e52e2389f0c0762 | review: muito bom | Quero trocar o produto. Tecido da cortina mega fino | Adorei minha cortina, um material bem bom, veio em perfeito estado. Cor e modelo corret√≠ssimo.Recomendo. | Minha mae adorou, ficou otimo.
Bom tecido, aprovado.",category moveis decoracao product id 0fce35c0b7338bda3e52e2389f0c0762 review muito bom quero trocar produto tecido da cortina mega fino adorei minha cortina um material bem bom veio em perfeito estado cor modelo corret ssimo recomendo minha mae adorou ficou otimo bom tecido aprovado,en,pt,0.9109321993750495,161.16857142857143,41
e06eb527f0a6ce904044687bd2faa582,"category: utilidades_domesticas | product_id: e06eb527f0a6ce904044687bd2faa582 | review: N√£o posso culpar a loja, por√©m √© deprimente n√£o receber at√© o momento a encomenda por culpa dos CORREIOS.",category utilidades domesticas product id e06eb527f0a6ce904044687bd2faa582 review posso culpar loja por deprimente receber at momento encomenda por culpa dos correios,pt,pt,0.5982327267930314,49.9,20
69faf0d53eb73597d6cfd50175901a56,category: beleza_saude | product_id: 69faf0d53eb73597d6cfd50175901a56,category beleza saude product id 69faf0d53eb73597d6cfd50175901a56,en,pt,0.3369140625,29.9,6
79d5da4087dedefe5ef7086bf68e6408,category: utilidades_domesticas | product_id: 79d5da4087dedefe5ef7086bf68e6408,category utilidades domesticas product id 79d5da4087dedefe5ef7086bf68e6408,en,unknown,0.43033807986491435,139.99,6
04d5a0ec1f6db00db01676199151df4c,category: relogios_presentes | product_id: 04d5a0ec1f6db00db01676199151df4c | review: Fiz o pedido em 30-04-2018 e paguei no mesmo dia o valor do produto. √â at√© hoje 09-06-2018 (mais de um m√™s) n√£o chegou o produto em minha resid√™ncia. Vou ter que acionar o √≥rg√£o competente.,category relogios presentes product id 04d5a0ec1f6db00db01676199151df4c review fiz pedido em 30 04 2018 paguei no mesmo dia valor do produto at hoje 09 06 2018 mais de um chegou produto em minha resid ncia vou ter que acionar rg competente,en,pt,0.8681439214998538,139.9,40
3f4a3b8846f4522bd68853a50114da49,category: esporte_lazer | product_id: 3f4a3b8846f4522bd68853a50114da49,category esporte lazer product id 3f4a3b8846f4522bd68853a50114da49,en,en,0.2905385623107085,175.0,6
48acade3f4dd39bbab10bd14bcfc8735,category: beleza_saude | product_id: 48acade3f4dd39bbab10bd14bcfc8735,category beleza saude product id 48acade3f4dd39bbab10bd14bcfc8735,en,pt,0.39234058277027023,97.7,6
c747d118db61a1c79977309b0ca33ddc,category: brinquedos | product_id: c747d118db61a1c79977309b0ca33ddc | review: Pedido chegou antes do previsto. A postagem foi imediata. E o produto de √≥tima qualidade. Parab√©ns pelo atendimento!!,category brinquedos product id c747d118db61a1c79977309b0ca33ddc review pedido chegou antes do previsto postagem foi imediata produto de tima qualidade parab ns pelo atendimento,en,pt,0.9067888002137879,189.9,22
679a3e5e1d2bb68982be5734c6e55e63,"category: casa_construcao | product_id: 679a3e5e1d2bb68982be5734c6e55e63 | review: Parab√©ns a est√° empresa ent√£o site lannister.com.br obrigado | Parab√©ns a est√° empresa ent√£o site lannister.com.br obrigado | S√≥ tomei um susto pq veio em uma caixa diferente rsrs mas foi √≥timo ver que estava tudo certo. O produto √© √≥timo, e eu amei! | A torneira sai pouca √°gua bem pouca a√≠ o jeito foi colocar novamente a minha torneira antiga  | Produto de acordo com o descrito! 
Entregue dentro do prazo combinado | Produto entregue antes do prazo! Atendeu todas as minhas expectativas.
Super recomendo.  | atendimento ta otimo | veio correto, no prazo nao tenho do que reclamar | Otimo produto recebir no prazo certo,recomento  | 5 | 5 | N√£o houveram as comunica√ß√µes iniciais de andamento da compra/entrega do produto por e-email, como houveram em compras anteriores.
Houveram comunica√ß√µes a partir da emiss√£o da nota fiscal.

 | Entrega dentro do prazo. Bom produto. √ìtimo pre√ßo | Perfeito... chegou muito rapido | Muito boa...recomendo | Compra entregue dentro do prazo. otimo produto.",category casa construcao product id 679a3e5e1d2bb68982be5734c6e55e63 review parab ns est empresa ent site lannister com br obrigado parab ns est empresa ent site lannister com br obrigado tomei um susto pq veio em uma caixa diferente rsrs mas foi timo ver que estava tudo certo produto timo eu amei torneira sai pouca gua bem pouca jeito foi colocar novamente minha torneira antiga produto de acordo com descrito entregue dentro do prazo combinado produto entregue antes do prazo atendeu todas as minhas expectativas super recomendo atendimento ta otimo veio correto no prazo nao tenho do que reclamar otimo produto recebir no prazo certo recomento houveram as comunica es iniciais de andamento da compra entrega do produto por email como houveram em compras anteriores houveram comunica es partir da emiss da nota fiscal entrega dentro do prazo bom produto timo pre perfeito chegou muito rapido muito boa recomendo compra entregue dentro do prazo otimo produto,en,pt,0.920457664695946,54.4,153
4886ee6eaf4ab72e0e91ed0c42815f49,category: cama_mesa_banho | product_id: 4886ee6eaf4ab72e0e91ed0c42815f49,category cama mesa banho product id 4886ee6eaf4ab72e0e91ed0c42815f49,en,pt,0.19003378378378377,69.9,7
ace1e48f1eaabcd539235e93e361133b,category: moveis_decoracao | product_id: ace1e48f1eaabcd539235e93e361133b,category moveis decoracao product id ace1e48f1eaabcd539235e93e361133b,en,unknown,0.30148067989864863,43.9,6
50c903691960bdd77acb82418a4445ec,category: bebes | product_id: 50c903691960bdd77acb82418a4445ec,category bebes product id 50c903691960bdd77acb82418a4445ec,en,en,0.3243243243243243,99.9,5
e7593e3c84b3302e1531a715f1ded8b2,"category: moveis_decoracao | product_id: e7593e3c84b3302e1531a715f1ded8b2 | review: foram comprados 2 itens
CACHEPOT - RECEBIDO
BUXINHO - NAO RECEBI
 | Envio r√°pido, produto muito bem embalado. Recomendo!",category moveis decoracao product id e7593e3c84b3302e1531a715f1ded8b2 review foram comprados itens cachepot recebido buxinho nao recebi envio pido produto muito bem embalado recomendo,pt,pt,0.9094517359862456,51.82666666666666,22
3f3d9760b163e08f9566ea1b2b8e1cd4,category: beleza_saude | product_id: 3f3d9760b163e08f9566ea1b2b8e1cd4,category beleza saude product id 3f3d9760b163e08f9566ea1b2b8e1cd4,en,pt,0.3428526182432432,119.0,6
ffdde3d63e889c9a9f9ec30d82a4c815,category: brinquedos | product_id: ffdde3d63e889c9a9f9ec30d82a4c815,category brinquedos product id ffdde3d63e889c9a9f9ec30d82a4c815,en,unknown,0.32167176942567566,1449.0,5
f6605392877b41d225dd146d2cf116b5,category: ferramentas_jardim | product_id: f6605392877b41d225dd146d2cf116b5,category ferramentas jardim product id f6605392877b41d225dd146d2cf116b5,en,pt,0.4628264646272401,72.2,6
475152a7f8c7ddd5457fef29a9d20dd1,category: ferramentas_jardim | product_id: 475152a7f8c7ddd5457fef29a9d20dd1,category ferramentas jardim product id 475152a7f8c7ddd5457fef29a9d20dd1,en,pt,0.23140572212837837,22.9,6
b0ed7fe63babb3e705115f53fa74b20c,category: eletrodomesticos | product_id: b0ed7fe63babb3e705115f53fa74b20c | review: Quando a mercadoria √© entregue pela lannister.COM chega muito mais r√°pido. Gostaria de saber o motivo.,category eletrodomesticos product id b0ed7fe63babb3e705115f53fa74b20c review quando mercadoria entregue pela lannister com chega muito mais pido gostaria de saber motivo,en,pt,0.7066896799448373,28.400000000000002,20
e13f46cf68d356e0ac0f32058af20911,"category: fashion_bolsas_e_acessorios | product_id: e13f46cf68d356e0ac0f32058af20911 | review: Muito bom! | Fiquei extremamente satisfeita com minha compra!  | entrega antes do prazo, recomendo.",category fashion bolsas acessorios product id e13f46cf68d356e0ac0f32058af20911 review muito bom fiquei extremamente satisfeita com minha compra entrega antes do prazo recomendo,en,pt,0.9374076224662161,24.9,21
0a23fd10720c5ffc6c7f5e66b0b26ae2,category: moveis_decoracao | product_id: 0a23fd10720c5ffc6c7f5e66b0b26ae2,category moveis decoracao product id 0a23fd10720c5ffc6c7f5e66b0b26ae2,en,unknown,0.38046347128378377,35.99,6
7070d77d89af4f2865ff26b1323312ed,category: moveis_decoracao | product_id: 7070d77d89af4f2865ff26b1323312ed,category moveis decoracao product id 7070d77d89af4f2865ff26b1323312ed,en,unknown,0.35591744087837834,1501.5,6
51555187e14ed8bb8addc25344848ef7,"category: cama_mesa_banho | product_id: 51555187e14ed8bb8addc25344848ef7 | review: Recebi por enquanto apenas um jogo de lencol 
Jogo de Len√ßol Casal King Imperial 04 Pe√ßas Percal 180 Fios Ponto Palito - Caqui",category cama mesa banho product id 51555187e14ed8bb8addc25344848ef7 review recebi por enquanto apenas um jogo de lencol jogo de len ol casal king imperial 04 pe as percal 180 fios ponto palito caqui,en,pt,0.7806931572991448,73.9,32
41b7b870b6097bb62f462bc0af141d0d,"category: moveis_decoracao | product_id: 41b7b870b6097bb62f462bc0af141d0d | review: Gostei muito do produto, perfeito, bonito, pre√ßo otimo",category moveis decoracao product id 41b7b870b6097bb62f462bc0af141d0d review gostei muito do produto perfeito bonito pre otimo,pt,pt,0.8371838621191077,134.9,15
b1ff030591e1d0e0069e54d11c5c21d5,category: utilidades_domesticas | product_id: b1ff030591e1d0e0069e54d11c5c21d5 | review: O produto veio como pedi!,category utilidades domesticas product id b1ff030591e1d0e0069e54d11c5c21d5 review produto veio como pedi,pt,pt,0.853098592242679,79.9,11
b71ed32edb9ce4684e10a11309011b60,category: alimentos_bebidas | product_id: b71ed32edb9ce4684e10a11309011b60 | review: otimo! | √ìTIMO | √ìTIMO,category alimentos bebidas product id b71ed32edb9ce4684e10a11309011b60 review otimo timo timo,pt,unknown,0.38524045170964416,10.0,10
0b1b954cb171434674907a8da1778e11,category: construcao_ferramentas_construcao | product_id: 0b1b954cb171434674907a8da1778e11,category construcao ferramentas construcao product id 0b1b954cb171434674907a8da1778e11,en,pt,0.7024706956502552,169.0,7
6f5b86fea3f029028ff6b3a88248be45,category: eletroportateis | product_id: 6f5b86fea3f029028ff6b3a88248be45 | review: Mto bom,category eletroportateis product id 6f5b86fea3f029028ff6b3a88248be45 review mto bom,pt,unknown,0.3284021326013513,450.0,8
f7566c7c51e266442be8db4b8797ee1f,category: construcao_ferramentas_construcao | product_id: f7566c7c51e266442be8db4b8797ee1f,category construcao ferramentas construcao product id f7566c7c51e266442be8db4b8797ee1f,en,pt,0.6903377739158836,257.42,7
9de7867a5bc245bcbb1e2ce6471ba208,category: eletrodomesticos_2 | product_id: 9de7867a5bc245bcbb1e2ce6471ba208 | review: Chegou at√© antes do prazo.... Muito obrigado,category eletrodomesticos product id 9de7867a5bc245bcbb1e2ce6471ba208 review chegou at antes do prazo muito obrigado,pt,pt,0.9317674894590634,59.99,13
